url,title,publication_date,department,source,china_mentions,excerpt,cat_securitisation,cat_economic_security,cat_cyber_espionage,cat_military_defence,cat_partnership,cat_pragmatic_engagement
https://www.gov.uk/world/china,UK help and services in China,2018-02-13,,www.gov.uk,63,"UK help and services in China Services if you're visiting, studying, working or living in China. Includes information about trading with and doing business in the UK and China. Su...",4,0,0,0,6,0
https://www.gov.uk/guidance/living-in-china,Living in China,2026-03-06,"Foreign, Commonwealth & Development Office",www.gov.uk,142,"Getting help with living in China Help from the Chinese government For any questions about moving to or living in China, you may be able to get help from the: Chinese Embassy in Londo...",0,0,0,0,3,0
https://www.gov.uk/guidance/adoption-in-china,Adoption in China,2017-03-07,"Foreign & Commonwealth Office, Foreign, Commonwealth & Development Office",www.gov.uk,25,...hild habitually resident in one country by an individual habitually resident in another country. Both the United Kingdom and The People’s Republic of China have signed and ratified the 1993 Hague Convention on Protection of Children and Co-operation in Respect of Inter-country Adoption .  Intercountry ad...,0,0,0,0,0,0
https://www.gov.uk/guidance/ipo-attache-in-china,IPO attaché in China,2026-06-04,Intellectual Property Office,www.gov.uk,11,"Introduction The Intellectual Property Office ( IPO ) has an attaché team in China based across the British Embassy Beijing and the British Consulate Shanghai. The team is led by Ross McNulty, the IP attaché to China, and supported...",2,0,0,0,0,0
https://www.gov.uk/guidance/when-someone-dies-in-china,When someone dies in China,2025-12-31,"Foreign, Commonwealth & Development Office",www.gov.uk,62,"The process when a British national dies in China, including registering the death, funerals and cremations, and bringing the person’s body to the UK. Disclaimer This information is not meant to be d...",0,0,0,0,1,0
https://www.gov.uk/guidance/china-migrant-health-guide,China: migrant health guide,2023-04-05,Office for Health Improvement and Disparities,www.gov.uk,7,...NaTHNaC ) for country-specific travel advice prior to leaving the UK. Women’s health Reproductive health indicators Reproductive health indicator UK China Number of children per woman (lifetime average) 1.6 1.7 Use of contraception (by woman of reproductive age or partner) 71.7% 84.5% Find out more abou...,11,0,0,0,0,0
https://www.gov.uk/guidance/china-prosperity-fund-bidding-round,China Prosperity Fund Programme 2017 to 2018,2017-07-20,Foreign & Commonwealth Office,www.gov.uk,8,The China Prosperity Fund Programme is now inviting tenders for projects in 2017 to 2018 under 4 key thematic strands: Infrastructure Alliance Financial Servic...,0,0,0,1,10,0
https://www.gov.uk/guidance/confirm-youre-free-to-get-married-in-china,Confirm you’re free to get married in China,2024-05-14,"Foreign, Commonwealth & Development Office",www.gov.uk,14,"Check eligibility and the documents you need This guidance is for a British national getting married to an opposite-sex Chinese national in China. For same-sex marriage or to get married if neither of you is a Chinese national, you may be able to get married in a British embassy . Check the law...",0,0,0,0,3,0
https://www.gov.uk/government/organisations/great-britain-china-centre,Great Britain-China Centre,2021-04-15,Great Britain-China Centre,www.gov.uk,2,"The Great Britain China Centre (GBCC) promotes mutual trust and understanding between the UK and China, building long-term connections between decision-makers in both countr...",0,0,0,0,1,0
https://www.gov.uk/guidance/uk-arms-embargo-on-mainland-china-and-hong-kong,UK arms embargo on mainland China and Hong Kong,2020-12-31,"Foreign, Commonwealth & Development Office, Export Control Joint Unit",www.gov.uk,9,"...lowing Chinese military action to suppress demonstrations in Beijing, the UK has observed an embargo on trade in certain military items with mainland China. Following the handover of Macao from Portugal to China in December 1999, Macao was added to the embargo on mainland China in 2000. In June 2019, the...",1,0,0,8,0,0
https://www.gov.uk/government/publications/china-spf-prosperity-activity-based-budget-template,China SPF Prosperity activity based budget template,2015-02-13,Foreign & Commonwealth Office,www.gov.uk,3,Template China SPF Prosperity activity based budget. The China Prosperity Strategic Programme Fund 2015 to 2016 is now closed. See the most recent China Prosperity...,0,0,0,0,3,0
https://www.gov.uk/guidance/plate-made-of-fine-bone-china-tariff-notice-11,Plate made of fine bone china (Tariff notice 11),2024-01-31,HM Revenue & Customs,www.gov.uk,3,"...red a change in Northern Ireland practice. Classification (Combined Nomenclature (CN) code) 6911 10 00 Description of goods A plate made of fine bone china, with a delicate glaze, decorated with a letter in an artistic typography. The plate is of a diameter of approximately 20 cm. The plate may be used a...",0,0,0,0,0,0
https://www.gov.uk/government/publications/china-prosperity-project-concept-bid-checklist,China Prosperity project concept bid checklist,2014-10-17,Foreign & Commonwealth Office,www.gov.uk,2,Use to check you have completed all China Prosperity Strategic Programme Fund ( SPF ) requirements before sending in your concept bid form. See more information about China Prosperity Strateg...,0,0,0,0,2,0
https://www.gov.uk/guidance/mini-cup-set-made-of-fine-bone-china-tariff-notice-12,Mini-cup set made of fine bone china (Tariff notice 12),2024-01-31,HM Revenue & Customs,www.gov.uk,3,"...Northern Ireland practice. Classification (Combined Nomenclature (CN) code) 6911 10 00 Description of goods A mini-cup set (4 cups) made of fine bone china, with a delicate glaze, decorated with numbers in an artistic typography. The cups do not have handles. They are of a height of approximately 6cm and...",0,0,0,0,0,0
https://www.gov.uk/guidance/ip-in-china,IP in China,2021-08-20,Intellectual Property Office,www.gov.uk,30,...ew. An updated version is expected in June 2026. This page provides practical information to help you make the most of your IP when doing business in China. Please note that the page relates to mainland China only; Hong Kong has a separate IP system. The China IP Attaché team based in Beijing and Shangha...,0,0,0,1,1,0
https://www.gov.uk/guidance/working-and-engaging-with-china-including-hong-kong-and-macao,Working and engaging with China including Hong Kong and Macao,2025-09-23,"Foreign, Commonwealth & Development Office, Cabinet Office, HM Treasury, Department for Business and Trade, Home Office, Department for Energy Security and Net Zero, Department for Science, Innovation and Technology",www.gov.uk,39,"The government will manage the UK’s relationship with China in a consistent, long-term and strategic way. As set out in the former Foreign Secretary’s statement on the China Audit , direct engagement with Chin...",14,4,9,4,2,0
https://www.gov.uk/government/publications/grant-contract-of-china-prosperity-project,Grant Contract for China Prosperity SPF Projects,2014-10-17,Foreign & Commonwealth Office,www.gov.uk,1,...Grant Contract is for use when the main implementing partner is neither commercial organisation or Government department. See more information about China Prosperity Strategic Programme Fund 2015/16 .,0,0,0,0,1,0
https://www.gov.uk/government/publications/memorandum-of-understanding-for-china-prosperity-spf-projects,Memorandum of Understanding for China Prosperity SPF projects,2014-10-17,Foreign & Commonwealth Office,www.gov.uk,1,The Memorandum of Understanding (MOU) is for use when the main implementing partner is a UK/Foreign Government Department. See more information about China Prosperity Strategic Programme Fund 2015/16 .,0,0,0,0,1,0
https://www.gov.uk/government/publications/template-commercial-contract-for-china-prosperity-spf-projects,Template Commercial Contract for China Prosperity SPF projects,2014-10-17,Foreign & Commonwealth Office,www.gov.uk,1,The Commercial Contract is for use when the main implementing partner is a Commercial Organisation. See more information about China Prosperity Strategic Programme Fund 2015/16 .,0,0,0,0,1,0
https://www.gov.uk/government/topical-events/uk-china-high-level-people-to-people-dialogue-2017,UK-China High-Level People to People Dialogue 2017,2017-12-05,Foreign & Commonwealth Office,www.gov.uk,1,"The People to People dialogue enhances our partnership with China by promoting collaboration on issues that are important to people in both our countries, including health, education and culture.",0,0,0,0,2,0
https://www.gov.uk/government/publications/nationality-in-china,Nationality in China,2025-03-31,"Foreign & Commonwealth Office, Foreign, Commonwealth & Development Office",www.gov.uk,3,"This page is designed to provide British Nationals with guidance on nationality in China. It has information for adults who hold or have held Chinese nationality in addition to British citizenship, and for children born in China. This is...",0,0,0,0,0,0
https://www.gov.uk/government/publications/china-tax-treaties,China: tax treaties,2026-03-02,HM Revenue & Customs,www.gov.uk,7,...e Double Taxation Agreement entered into force on 13 December 2013 and amended by a signed protocol on 27 February 2013 The agreement is effective in China for any tax year starting on or after 1 January 2014 for: Income Tax Capital Gains Tax It’s effective in the UK for: Corporation Tax for any financia...,0,0,0,0,0,0
https://www.gov.uk/government/publications/tuberculosis-test-for-a-uk-visa-clinics-in-china,China: tuberculosis test clinics for a UK visa,2026-07-13,UK Visas and Immigration,www.gov.uk,1,You’ll need to have a tuberculosis ( TB ) test if you’re coming to the UK for 6 months or more and both of the following apply: you’ve lived in China for 6 months or more you were living there (or another listed country ) within the last 6 months You’ll need a TB test if you’re coming to the UK as:...,0,0,0,0,0,0
https://www.gov.uk/government/publications/chinauk-energy-and-climate-cooperation-an-historic-opportunity-june-2014,China: energy and climate cooperation,2014-06-25,Foreign & Commonwealth Office,www.gov.uk,1,"Summary and analysis on unprecedented cooperation at UK-China Summit and Energy Dialogue, prepared by UK Trade & Investment (UKTI). It provides information and related comment to help recipients form their own j...",0,0,0,0,1,0
https://www.gov.uk/government/publications/china-as-a-military-power-1700-2050,China as a Military Power 1700-2050,2013-06-28,Foreign & Commonwealth Office,www.gov.uk,6,"Jeremy Black is Professor of History at the University of Exeter. In this, the second of his two articles on the evolution of China as a military power over the last thousand years, Professor Black examines the impact of modernity and the West on China, and China’s reaction. Profe...",0,0,0,2,0,0
https://www.gov.uk/government/publications/china-ip-in-numbers,China IP in Numbers,2022-08-23,Foreign & Commonwealth Office,www.gov.uk,6,China is a country of big numbers. The rise in applications for intellectual property (IP) rights in China in recent years has been a key part of the devel...,0,0,0,0,0,0
https://www.gov.uk/export-health-certificates/export-dogs-and-cats-to-china-certificate-8902,Export dogs and cats to China: certificate 8902,2026-05-05,Animal and Plant Health Agency,www.gov.uk,2,"...t you need for your export Find out about the requirements for export in the guidance notes . Download a specimen certificate Export dogs and cats to China: EHC 8902, version 1 . 2. Apply online You’ll need: a Government Gateway account a Defra account If you don’t already have them you’ll need to regist...",0,0,0,0,0,0
https://www.gov.uk/find-a-visa-application-centre,Find a visa application centre,2024-10-21,UK Visas and Immigration,www.gov.uk,1,...ifferent country Cayman Islands Central African Republic - choose a centre in a different country Chad - choose a centre in a different country Chile China Colombia Comoros - choose a centre in a different country Congo - choose a centre in a different country Costa Rica - choose a centre in a different...,0,0,0,0,0,0
https://www.gov.uk/export-health-certificates/export-cats-to-china-certificate-6715,Export cats to China: certificate 6715,2026-04-01,Animal and Plant Health Agency,www.gov.uk,2,A new certificate has been agreed for pet cats and dogs travelling to China. Certificate 8902 should be used instead of certificate 6715 providing your pet meets the requirements detailed in the certificate and Notes for Guid...,0,0,0,0,0,0
https://www.gov.uk/government/statistics/china-special-economic-reports,China Special Economic Reports,2018-09-07,"Foreign & Commonwealth Office, Foreign, Commonwealth & Development Office",www.gov.uk,2,"Special reports produced, and commissioned, by the China Economic Network providing a technical and in depth analysis on China economic issues of interest.",0,0,0,0,0,0
https://www.gov.uk/government/publications/ip-and-industrial-software-in-china,IP and industrial software in China,2019-03-11,"Foreign & Commonwealth Office, Foreign, Commonwealth & Development Office",www.gov.uk,2,China offers opportunities for British software in a wide range of sectors. In order to fully benefit from these opportunities and maintain long-term compe...,1,0,0,0,0,0
https://www.gov.uk/export-health-certificates/export-dogs-china-certificate-2929,Export dogs to China: certificate 2929,2026-04-01,Animal and Plant Health Agency,www.gov.uk,2,A new certificate has been agreed for pet cats and dogs travelling to China. Certificate 8902 should be used instead of certificate 2929 providing your pet meets the requirements detailed in the certificate and Notes for Guid...,0,0,0,0,0,0
https://www.gov.uk/government/statistics/china-economy-update,China Economy Update,2019-04-02,"Foreign & Commonwealth Office, Foreign, Commonwealth & Development Office",www.gov.uk,1,Monthly update produced by the British Embassy in Beijing on key macroeconomic developments in China.,0,0,0,0,0,0
https://www.gov.uk/government/publications/china-politics-update-september-2014,China: Politics update  - September 2014,2014-09-03,Foreign & Commonwealth Office,www.gov.uk,1,President Xi Jinping visits Mongolia. 110th anniversary of China’s paramount leader Deng Xiaoping. New set of regulations targeting popular instant messaging platforms. Anti-corruption campaign continues.,0,0,0,0,0,0
https://www.gov.uk/government/publications/copyright-recordal-in-china,Copyright Recordal in China,2019-12-06,"Foreign & Commonwealth Office, Foreign, Commonwealth & Development Office",www.gov.uk,2,"Copyright recordal is not mandatory in China. However, it is recommended that UK companies consider voluntary recordal of copyright. Recordal can help prove copyright ownership in infringement a...",0,0,0,0,0,0
https://www.gov.uk/government/publications/ip-and-education-in-china,IP and Education in China,2019-07-29,"Foreign & Commonwealth Office, Foreign, Commonwealth & Development Office",www.gov.uk,2,Rising spending on education in China is creating opportunities for British companies offering a range of products and services. Managing intellectual property (IP) risks can help positio...,0,0,0,0,0,0
https://www.gov.uk/government/publications/chinarussia-energy-cooperation,China: energy cooperation with Russia,2014-05-31,Foreign & Commonwealth Office,www.gov.uk,1,Summary and analysis into a high profile gas co-operation deal between Russia and China prepared by UK Trade & Investment (UKTI). It provides information and related comment to help recipients form their own judgments about making busine...,0,0,0,0,0,0
https://www.gov.uk/government/publications/chinas-property-market-boom-over-what-next-may-2014,China: latest developments in the property market,2014-05-13,Foreign & Commonwealth Office,www.gov.uk,1,"Summary and analysis on recent develoments in China’s property market, with important implications for the economy.",0,0,0,0,0,0
https://www.gov.uk/government/publications/china-politics-update-july-2014,China: politics update - July,2014-07-13,Foreign & Commonwealth Office,www.gov.uk,1,"Summary and analysis of the latest news political news in China, including details of Premier Li Keqiang first official visit to London.",0,0,0,0,0,0
https://www.gov.uk/export-health-certificates/export-tapirs-to-china-certificate-8167,Export tapirs to China: certificate 8167,2022-08-01,Animal and Plant Health Agency,www.gov.uk,2,...your export Find out about the requirements for export in the guidance notes for certificate 8167 . Download a specimen certificate Export tapirs to China: certificate 8167 . 2. Apply online You’ll need: a Government Gateway account a Defra account If you don’t already have them you’ll need to register...,0,0,0,0,0,0
https://www.gov.uk/government/publications/british-passports-in-china,British passports in China,2025-03-27,"Foreign & Commonwealth Office, Foreign, Commonwealth & Development Office",www.gov.uk,1,This page is designed to provide British Nationals with guidance on what to do if their passport is lost or stolen in China.,0,0,0,0,0,0
https://www.gov.uk/government/publications/avian-influenza-advice-for-travellers-to-china,Avian Influenza: advice for travellers to China,2019-02-19,Public Health England,www.gov.uk,1,Avian influenza in China Prevention advice for UK travellers.,0,0,0,0,0,0
https://www.gov.uk/government/publications/ip-and-advanced-manufacturing-industry-in-china,IP and Advanced Manufacturing Industry in China,2023-11-13,"Foreign, Commonwealth & Development Office",www.gov.uk,2,"...n advanced manufacturing industries, such as automotive, aerospace, precision engineering, and biotechnology, are exploring business opportunities in China. Intellectual Property is particularly important in these industries – not only patents, but also trade marks, copyright, and trade secret protection...",0,0,0,0,0,0
https://www.gov.uk/government/publications/administrative-enforcement-of-ip-in-china,Administrative Enforcement of IP in China,2023-11-13,"Foreign, Commonwealth & Development Office",www.gov.uk,2,"In China, administrative authorities are often the first port of call for IP rights holders in cases of relatively straight forward infringement. This is beca...",0,0,0,0,0,0
https://www.gov.uk/government/publications/china-ip-newsletter-2014-issue-4,China: intellectual property newsletter - issue 4,2014-05-27,Foreign & Commonwealth Office,www.gov.uk,2,Details and on the 2nd UK-China IP symposium and other developments on intellectual property in China prepared by UK Trade & Investment (UKTI). It provides information and related c...,0,0,0,0,0,0
https://www.gov.uk/government/publications/overseas-business-risk-china,Overseas business risk for China,2025-09-24,"Foreign, Commonwealth & Development Office, Foreign & Commonwealth Office, Department for International Trade, Department for Business and Trade",www.gov.uk,1,"...at the intellectual property, organized crime, human rights, bribery and corruption and terrorism risks that UK businesses may face when operating in China.",0,0,0,0,0,0
https://www.gov.uk/government/publications/roadmap-of-solving-ip-disputes-in-china,Roadmap of Solving IP Disputes in China,2023-11-13,"Foreign, Commonwealth & Development Office",www.gov.uk,4,"British companies doing business in China, or contemplating doing business in China – start-ups, small and medium enterprises (SMEs) and large corporations alike – should have at least a gene...",0,0,0,0,0,0
https://www.gov.uk/export-health-certificates/export-horses-to-china-certificate-7686,Export horses to China: certificate 7686,2024-08-28,Animal and Plant Health Agency,www.gov.uk,2,"...7686ANC Additional annex: 7686AND Additional transportation annex: 7686ANE Download a specimen certificate Export horses to the People’s Republic of China: EHC 7686, version 2 . 2. Apply online You’ll need: a Government Gateway account a Defra account If you don’t already have them you’ll need to regist...",0,0,0,0,0,0
https://www.gov.uk/government/publications/sin-china-helps-the-future-cities-catapult-to-launch-the-future-cities-business-portfolio-for-china--2,SIN China helps the Future Cities Catapult to launch the Future Cities Business Portfolio for China,2019-06-10,Foreign & Commonwealth Office,www.gov.uk,3,"SIN worked with the Future Cities Catapult to launch the Future Cities Business Portfolio for China, giving UK businesses greater profile in China and opportunities to develop R&D and business connections with Chinese cities.",0,0,0,0,0,0
https://www.gov.uk/government/news/changes-to-notarial-services-in-china,Changes to notarial services in China,2014-12-31,,www.gov.uk,3,"...nd documentary services.  You will now need to read the new guidance, which can be found here , and send your application and supporting documents to china.notarial@fco.gov.uk for assessment.  Consular staff will contact you within 5 working days of receipt of your application to advise if we are able to...",0,0,0,0,0,0
https://www.gov.uk/government/publications/china-ip-newsletter,UK-China Intellectual Property newsletter,2026-07-31,"Foreign, Commonwealth & Development Office, Department for Business and Trade, Intellectual Property Office",www.gov.uk,4,Our China Intellectual Property ( IP ) newsletter is published in English and is intended to inform UK stakeholders of recent developments in the Chinese IP en...,0,0,0,0,0,0
https://www.gov.uk/government/publications/supporting-the-development-of-ppps-in-the-peoples-republic-of-china-an-international-perspective,Supporting the Development of PPPs in the People’s Republic of China – An International Perspective,2015-06-30,"Infrastructure and Projects Authority, HM Treasury",www.gov.uk,2,Executive version of HM Treasury’s report for the government of China on the development of PPPs in the People’s Republic of China.,0,0,0,0,0,0
https://www.gov.uk/government/publications/foot-and-mouth-disease-fmd-in-china,Foot and mouth disease (FMD) in China,2026-04-30,"Department for Environment, Food & Rural Affairs",www.gov.uk,1,"These outbreak assessments detail reports of foot and mouth disease (FMD) in China. We monitor any major, notifiable or new and emerging animal disease outbreaks worldwide. When we become aware of a new animal disease outbreak in th...",0,0,0,0,0,0
https://www.gov.uk/export-health-certificates/export-sheepskins-to-china-certificate-5725,Export sheepskins to China: certificate 5725,2026-05-13,Animal and Plant Health Agency,www.gov.uk,2,"...he requirements for export in the guidance notes . Download a specimen certificate EHC 5725, version 2: Export sheepskins to the People’s Republic of China . 2. Apply online You’ll need: a Government Gateway account a Defra account If you don’t already have them you’ll need to register for these accounts...",0,0,0,0,0,0
https://www.gov.uk/government/publications/future-of-cities-uk-china-city-relationships,Future of cities: UK-China city relationships,2016-08-22,Government Office for Science,www.gov.uk,2,The UK and China have a long history of engagement and are now entering a ‘golden era’ of deepening relations between the 2 countries. These papers explore the experi...,0,0,0,0,0,0
https://www.gov.uk/world/organisations/department-for-business-and-trade-china,Department for Business and Trade China,2026-02-06,,www.gov.uk,6,"...up a business and invest in the UK Discover investment opportunities and learn how your business can expand to the UK on Business.gov.uk . Export to China from the UK UK companies can increase their sales, growth and stability by selling to China. On Business.gov.uk, DBT provides: an export guide to Chi...",0,0,0,1,0,0
https://www.gov.uk/government/publications/uk-china-workshop-on-space-science-and-technology,China: joint workshop on space science and technology,2014-06-16,Foreign & Commonwealth Office,www.gov.uk,1,"Details on the ninth UK-China workshop on space science and technology in Shanghai identifies major opportunities for collaboration,  prepared by UK Trade & Investment (UKTI). It...",0,0,0,0,1,0
https://www.gov.uk/government/publications/factsheet-on-intellectual-property-in-china,Factsheet on Intellectual Property in China,2021-04-09,"Foreign & Commonwealth Office, Foreign, Commonwealth & Development Office",www.gov.uk,5,UK-China trade and investment is expanding rapidly. As British companies pursue commercial opportunities in China it is important to identify and mitigate ris...,0,0,0,0,0,0
https://www.gov.uk/government/publications/uk-science-and-innovation-network-summary-china,UK Science and Innovation Network summary: China,2024-12-03,"Foreign, Commonwealth & Development Office",www.gov.uk,1,...ships and using science in diplomacy around the world. This is a  summary from UK Science and Innovation Network ( SIN ) on science and innovation in China.,0,0,0,0,0,0
https://www.gov.uk/government/statistics/china-commercial-regulatory-update,China Commercial Regulatory Update,2023-10-13,Foreign & Commonwealth Office,www.gov.uk,1,Quarterly update produced by the British Embassy in Beijing on key commercial regulatory developments in China.,0,0,0,0,0,0
https://www.gov.uk/government/publications/china-vince-cable-strengthens-foundations-for-uk-business,China: Vince Cable strengthens foundations for UK business,2014-06-04,Foreign & Commonwealth Office,www.gov.uk,1,Vince Cable strengthens the foundations for increased commercial ties with China’s future urban billion.,0,0,0,0,0,0
https://www.gov.uk/export-health-certificates/export-sea-lions-to-china-certificate-8142,Export sea lions to China: certificate 8142,2022-08-01,Animal and Plant Health Agency,www.gov.uk,2,...ur export Find out about the requirements for export in the guidance notes for certificate 8142 . Download a specimen certificate Export sea lions to China: EHC 8142 . 2. Apply online You’ll need: a Government Gateway account a Defra account If you don’t already have them you’ll need to register for thes...,0,0,0,0,0,0
https://www.gov.uk/government/statistics/china-financial-policy-focus,China Financial Policy Focus,2019-01-30,"Foreign & Commonwealth Office, Foreign, Commonwealth & Development Office",www.gov.uk,1,Quarterly Update produced by the British Embassy in Beijing on financial and policy developments in China’s financial markets.,0,0,0,0,0,0
https://www.gov.uk/export-health-certificates/export-deer-skins-to-china-certificate-8917,Export deer skins to China: certificate 8917,2025-10-16,Animal and Plant Health Agency,www.gov.uk,2,"...what you need for your export Find out about the requirements for export in the guidance notes . Download a specimen certificate Export deer skins to China: EHC 8917, version 1 . 2. Apply online You’ll need: a Government Gateway account a Defra account If you don’t already have them you’ll need to regist...",0,0,0,0,0,0
https://www.gov.uk/government/news/change-of-her-majestys-ambassador-to-china,Change of Her Majesty’s Ambassador to China,2014-08-06,Foreign & Commonwealth Office,www.gov.uk,5,Ms Barbara Janet Woodward CMG OBE has been appointed Her Majesty’s Ambassador to the People’s Republic of China in succession to Sir Sebastian Wood KCMG. Ms Woodward will take up her appointment during early 2015. Ms Woodward joined the FCO in 1994.  She has wo...,0,0,0,0,3,0
https://www.gov.uk/government/case-studies/uk-china-strategic-communication-initiative,UK-China Strategic Communication Initiative,2015-04-23,Foreign & Commonwealth Office,www.gov.uk,47,"...he language barrier. As the vast majority of English language academic and official publications on foreign affairs are not translated into Mandarin, China’s foreign and security policy community is not exposed to a significant portion of foreign policy debates that occur in the West. Equally, Western au...",8,0,1,8,3,0
https://www.gov.uk/government/publications/future-of-food-and-farming-implications-for-china,Future of food and farming: implications for China,2012-06-21,Government Office for Science,www.gov.uk,1,"...arming ’, explored the increasing pressures on the global food system between now and 2050. This supplementary report focuses on the implications for China.",0,0,0,0,0,0
https://www.gov.uk/government/publications/future-flooding-china-taihu-basin,Future flooding: China - Taihu Basin,2010-10-25,Government Office for Science,www.gov.uk,3,This report investigates how the risks of flooding might change in the Taihu Basin area of China over the next 50 years. It considers the best options for government and other stakeholders for responding to the future challenges. This project was...,0,0,0,1,0,0
https://www.gov.uk/government/publications/china-organic-market-outreach-team-opens-door-for-uk-exporters,China: opportunities for UK exporters in the organic farm sector,2014-05-31,Foreign & Commonwealth Office,www.gov.uk,1,"...ry and analysis on £18k Network Shift project on organic certification, organised jointly with Heilongjiang province. It opens the door to the £4.7bn Chinese organic market for UK producers. A demonstration on how our outreach model can leverage provincial concerns for national impact.",0,0,0,0,0,0
https://www.gov.uk/government/publications/report-on-china-southeast-asia-anti-counterfeiting,Report on China-Southeast Asia Anti-Counterfeiting,2015-12-07,"Foreign & Commonwealth Office, Intellectual Property Office",www.gov.uk,2,"China and Southeast Asia are fast growing markets that are increasingly important for British companies. As bilateral trade and investment increases, the F...",0,0,0,0,0,0
https://www.gov.uk/export-health-certificates/export-greasy-wool-to-china-certificate-6652,Export greasy wool to China: certificate 6652 ,2026-05-13,Animal and Plant Health Agency,www.gov.uk,2,"...ort Find out about the requirements for export in the guidance notes . Download a specimen certificate Export greasy wool to the People’s Republic of China: EHC 6652, version 2 . 2. Apply online You’ll need: a Government Gateway account a Defra account If you don’t already have them you’ll need to regist...",0,0,0,0,0,0
https://www.gov.uk/government/publications/china-spf-prosperity-activity-based-budget-sample,China SPF Prosperity activity based budget sample,2015-02-13,Foreign & Commonwealth Office,www.gov.uk,2,Sample for China SPF Prosperity activity based budget. See more information about China Prosperity Strategic Programme Fund 2015/16 .,0,0,0,0,2,0
https://www.gov.uk/government/case-studies/ip-attache-samuel-stone-china,"IP Attaché: Samuel Stone, China",2021-12-21,Intellectual Property Office,www.gov.uk,3,...s its latest addition to the UK global intellectual property attaché network. Samuel will have responsibility for intellectual property engagement in China. He will be based at the British Embassy in Beijing and lead the UK’s intellectual property attaché team in the country. The UK IPO has posted an att...,0,0,0,0,1,0
https://www.gov.uk/government/publications/bad-faith-trade-mark-applications-in-china,Bad faith trade mark applications in China,2016-01-21,Intellectual Property Office,www.gov.uk,2,"China is an increasingly important market for UK businesses of all sizes. Although it presents many opportunities, it also can be a challenging market for...",0,0,0,0,0,0
https://www.gov.uk/government/publications/chinese-reaction-to-wtos-rare-earths-ruling-april-2014,China: reaction to WTO rare earths ruling,2014-05-06,Foreign & Commonwealth Office,www.gov.uk,1,An in depth look at World Trade Organisation (WTO) ruling that China’s restrictions on exports of rare earths break WTO trade rules prepared by UK Trade & Investment (UKTI). It provides information and related comment...,0,0,0,0,0,0
https://www.gov.uk/export-health-certificates/export-giant-pandas-to-china-certificate-8802,Export giant pandas to China: certificate 8802,2023-11-29,Animal and Plant Health Agency,www.gov.uk,2,"...at you need for your export Find out about the requirements for export in the guidance notes . Download a specimen certificate Export giant pandas to China: EHC 8802, version 1 . 2. Apply online You’ll need: a Government Gateway account a Defra account If you don’t already have them you’ll need to regist...",0,0,0,0,0,0
https://www.gov.uk/government/publications/china-prosperity-spf-bidding-round-201415,China Prosperity SPF Bidding Round 2014/15,2014-08-11,Foreign & Commonwealth Office,www.gov.uk,16,China Prosperity Strategic Programme Fund ( SPF ) The purpose of the UK Foreign and Commonwealth Office’s Prosperity Fund is to contribute towards the poli...,0,0,0,0,16,0
https://www.gov.uk/government/publications/factsheet-on-intellectual-property-architecture-in-china,Factsheet on Intellectual Property & Architecture in China,2019-12-06,"Foreign & Commonwealth Office, Foreign, Commonwealth & Development Office",www.gov.uk,4,...llectual property (IP) risk. Identifying and mitigating these risks can be an important element of succeeding in the Chinese market. Return to the UK-China IP Webpage,1,0,0,0,0,0
https://www.gov.uk/government/publications/preventing-nuclear-proliferation-the-role-and-interests-of-china,Preventing nuclear proliferation: the role and interests of China,2012-03-13,Foreign & Commonwealth Office,www.gov.uk,5,"On 29 February 2012, Professor Wyn Bowen of Kings College London discussed the special role and interests of China in confronting problem of nuclear proliferation with a group of Chinese proliferation experts and scholars. The paper he presented at the seminar on...",1,0,0,0,0,0
https://www.gov.uk/export-health-certificates/export-feather-and-down-products-to-china-certificate-8553,Export feather and down products to China: certificate 8553,2024-04-11,Animal and Plant Health Agency,www.gov.uk,2,"...or your export Find out about the requirements for export in the guidance notes . Download a specimen certificate Export feather and down products to China: EHC 8553, version 1 . You must submit a Postcode Schedule (Products) V3 with your application. 2. Apply online You’ll need: a Government Gateway acc...",0,0,0,0,0,0
https://www.gov.uk/export-health-certificates/export-pigs-for-breeding-to-china-certificate-200,Export pigs for breeding to China: certificate 200 ,2022-08-01,Animal and Plant Health Agency,www.gov.uk,2,"...r export in the guidance notes for certificate 200 and 200AIRN . Download a specimen certificate Export pigs for breeding to the People’s Republic of China: certificate 200, version 1 . 2. Apply online You’ll need: a Government Gateway account a Defra account If you don’t already have them you’ll need to...",0,0,0,0,0,0
https://www.gov.uk/government/publications/importing-plastic-kitchenware-from-china-and-hong-kong,Importing plastic kitchenware from China and Hong Kong,2018-11-16,Food Standards Agency,www.gov.uk,1,How to import polyamide and melamine plastic kitchenware from China and Hong Kong to GB.,0,0,0,0,0,0
https://www.gov.uk/government/publications/policy-areas-of-good-china-prosperity-spf-projects,Policy areas of good China Prosperity SPF projects,2013-11-28,Foreign & Commonwealth Office,www.gov.uk,2,China and the UK are working together to advance the prospects for low-carbon prosperity. See more information about China Prosperity Strategic Programme F...,0,0,0,0,2,0
https://www.gov.uk/government/news/agreement-to-promote-uk-online-exports-with-china,Agreement to promote UK online exports with China,2015-09-24,UK Trade & Investment,www.gov.uk,12,...rade and Investment ( UKTI ) with the Shanghai Cross-Border e-Commerce Public Platform on 23 September 2015. The signing took place at the first ever China-UK Cross-Border e-commerce Cooperation Roundtable organised by the Bank of China in Shanghai. Support for UK online retailers The partnership was org...,0,0,0,0,4,0
https://www.gov.uk/government/publications/china-north-korea-and-the-spread-of-nuclear-weapons,"China, North Korea and the Spread of Nuclear Weapons",2013-09-25,Foreign & Commonwealth Office,www.gov.uk,4,"This article, published in “Survival” and entitled “China, North Korea and the Spread of Nuclear Weapons,” investigates China’s relationship with DPRK and, in particular, what that relationship means for nuc...",0,0,0,0,0,0
https://www.gov.uk/government/publications/chinas-changing-economy-new-opportunism-for-engagement-in-africa,China's changing economy: new opportunism for engagement in Africa?,2014-04-30,Foreign & Commonwealth Office,www.gov.uk,2,"China’s economic links with Africa have boomed in the last decade. But China’s economy is now growing more slowly, and rebalancing towards consumption-led...",0,0,0,0,0,0
https://www.gov.uk/government/publications/factsheet-on-intellectual-property-and-life-sciences-in-china,Factsheet on Intellectual Property and Life Sciences in China,2019-07-30,"Foreign & Commonwealth Office, Foreign, Commonwealth & Development Office",www.gov.uk,3,"China offers significant opportunities for British life sciences companies, including access to a large market, world-leading research facilities, institut...",0,0,0,0,0,0
https://www.gov.uk/government/publications/list-of-hospitals-in-china,List of medical facilities in China,2025-05-28,"Foreign, Commonwealth & Development Office",www.gov.uk,1,This list of hospitals has been prepared for the convenience of British Nationals who may require medical services in China.,0,0,0,0,0,0
https://www.gov.uk/international-development-funding/icf-china-green-finance-technical-assistance,ICF China Green Finance technical assistance,2018-06-15,"Foreign, Commonwealth & Development Office",www.gov.uk,3,"...ment for Business, Energy & Industrial Strategy ( BEIS ) International Climate Finance Technical Assistance programme aims to support and incentivise China’s transition to a more environmentally sustainable growth model through green finance, and contribute towards the goal of developing a commercially-d...",0,1,0,0,1,0
https://www.gov.uk/government/publications/great-britain-china-centre-framework-agreement,Great Britain-China Centre framework document,2024-11-06,"Foreign, Commonwealth & Development Office, Great Britain-China Centre",www.gov.uk,1,"This framework document sets out: Great Britain-China Centre’s purpose rules and guidelines relevant to the exercise of the GBCC ’s functions, duties and powers GBCC accountabilities and governance The G...",0,0,0,0,0,0
https://www.gov.uk/government/news/uk-clamps-down-on-china-based-companies-for-reckless-and-irresponsible-activity-in-cyberspace,UK clamps down on China-based companies for reckless and irresponsible activity in cyberspace,2025-12-09,"Foreign, Commonwealth & Development Office",www.gov.uk,13,UK exposes two China-based companies that have carried out cyberattacks against the UK and its allies New sanctions clamp down on attempts to undermine UK security and pr...,3,0,16,2,2,0
https://www.gov.uk/government/publications/uk-science-and-innovation-network-country-snapshot-china,UK Science and Innovation Network Country Snapshot – China,2020-07-07,"Foreign & Commonwealth Office, Foreign, Commonwealth & Development Office",www.gov.uk,1,"The Science and Innovation Network Country Snapshot for China provides information on the local Science and Innovation landscape, UK priorities and successes. It offers a snapshot of information under the headin...",0,0,0,0,0,0
https://www.gov.uk/government/publications/trade-secrets-in-china,Factsheet on Trade Secrets in China,2021-04-09,"Foreign & Commonwealth Office, Foreign, Commonwealth & Development Office",www.gov.uk,3,As British companies pursue commercial opportunities in China it is important to identify and mitigate risks. Trade secrets are often crucial elements of the competitive advantage of innovative companies. Protec...,0,0,0,0,0,0
https://www.gov.uk/government/case-studies/uk-china-cooperation-on-intellectual-property,UK-China Cooperation on Intellectual Property,2023-11-13,"Foreign & Commonwealth Office, Foreign, Commonwealth & Development Office, Intellectual Property Office",www.gov.uk,85,"This webpage is about intellectual property ( IP ) cooperation between the UK and China. For basic information on protecting and enforcing IP in China, please go to the publications section below. If you are a British company and would l...",3,0,0,0,9,0
https://www.gov.uk/government/publications/uk-china-film-tv-toolkit,UK-China Film & TV Toolkit,2021-12-14,"Foreign & Commonwealth Office, Foreign, Commonwealth & Development Office",www.gov.uk,3,The UK-China Film & TV Toolkit is intended to help UK companies develop projects with Chinese partners. The Toolkit helps create a legal framework for the sharing...,0,0,0,0,0,0
https://www.gov.uk/government/publications/factsheet-on-well-known-trademarks-in-china,Factsheet on well-known trademarks in China,2013-06-05,"Foreign & Commonwealth Office, Foreign, Commonwealth & Development Office",www.gov.uk,2,...ing an opposition or cancellation procedure and a decision by the courts during a judicial review of these administrative decisions. Return to the UK-China IP Webpage,0,0,0,0,0,0
https://www.gov.uk/government/publications/factsheet-on-administrative-enforcement-of-copyright-in-china,Factsheet on Administrative Enforcement of Copyright in China,2019-12-06,"Foreign & Commonwealth Office, Foreign, Commonwealth & Development Office",www.gov.uk,2,There are four main routes for enforcing copyright in China: administrative enforcement; civil litigation; criminal enforcement; and customs enforcement. This factsheet focuses on the administrative enforcemen...,0,0,0,0,0,0
https://www.gov.uk/government/publications/factsheet-on-intellectual-property-film-in-china,Factsheet on Intellectual Property & Film in China,2019-07-29,"Foreign & Commonwealth Office, Foreign, Commonwealth & Development Office",www.gov.uk,5,Increasing UK-China film cooperation is offering British films access to revenue streams in the Chinese market through a variety of business models. The Chinese intellec...,0,0,0,0,1,0
https://www.gov.uk/government/publications/factsheet-on-bad-faith-trade-marks-in-china,Factsheet on Bad-faith Trade marks in China,2021-04-09,"Foreign & Commonwealth Office, Foreign, Commonwealth & Development Office",www.gov.uk,3,China has a widespread and systemic problem with bad-faith trade mark applications. Bad-faith applicants in China target both domestic and international br...,0,0,0,0,0,0
https://www.gov.uk/government/publications/uk-china-research-innovation-non-disclosure-agreement,UK-China Research & Innovation Non-Disclosure Agreement,2021-12-14,"Foreign & Commonwealth Office, Foreign, Commonwealth & Development Office",www.gov.uk,2,The UK-China Research & Innovation Non-Disclosure Agreement ( NDA ) is intended to help UK companies and academics develop collaborative research and technology l...,0,0,0,0,0,0
https://www.gov.uk/government/news/statement-on-chinas-military-drills-december-2025,Statement on China's military drills: December 2025,2025-12-30,"Foreign, Commonwealth & Development Office",www.gov.uk,1,An FCDO spokesperson said: China’s military exercises around Taiwan this week increase cross-strait tensions and the risk of escalation. A peaceful Taiwan Strait is critical to globa...,4,0,0,1,2,0
https://www.gov.uk/government/publications/factsheet-on-intellectual-property-best-practice-in-uk-china-technology-transfer,Factsheet on Intellectual Property best practice in UK-China technology transfer,2021-04-09,"Foreign & Commonwealth Office, Foreign, Commonwealth & Development Office",www.gov.uk,2,...ular technology transfer deal will depend on the route selected to commercialise a new opportunity. This factsheet examines IP -related factors in UK-China technology transfer. Return to the UK-China IP Webpage,0,0,0,0,0,0
https://www.gov.uk/government/news/foreign-secretary-visits-china--2,Foreign Secretary visits China,2024-10-17,"Foreign, Commonwealth & Development Office",www.gov.uk,13,"Foreign Secretary arrives in China on two-day trip, which will include meetings in Beijing and Shanghai UK is taking a consistent, strategic and pragmatic approach to China which prior...",0,0,0,0,2,5
https://www.gov.uk/government/news/uk-statement-on-the-south-china-sea,UK statement on the South China Sea,2023-07-12,"Foreign, Commonwealth & Development Office",www.gov.uk,4,"...Arbitral Tribunal which, established in accordance with the UN Convention on the Law of the Sea (UNCLOS), delivered a unanimous decision on the South China Sea Arbitration which is binding on the two parties - the Philippines and China. This decision contains clear rules that apply for maritime claims, t...",0,0,0,1,0,0
https://www.gov.uk/government/speeches/china-audit-foreign-secretarys-statement,China audit: Foreign Secretary's statement,2025-06-24,"Foreign, Commonwealth & Development Office",www.gov.uk,34,"With permission, Madam Deputy Speaker, I will make a statement on the China audit. China’s rise has shaped the geopolitical landscape. Over the past decade, their military expenditure doubled. Their armed forces became the wo...",7,3,2,6,1,0
https://www.gov.uk/government/news/joint-statement-on-the-tenth-anniversary-of-the-philippines-china-south-china-sea-arbitral-tribunal-award,Joint statement on the tenth anniversary of the Philippines-China South China Sea Arbitral Tribunal Award,2026-07-11,"Foreign, Commonwealth & Development Office",www.gov.uk,7,"..., New Zealand, the Republic of the Philippines, Romania, Slovenia, and the United Kingdom on the occasion of the tenth anniversary of the Philippines-China South China Sea Arbitral Tribunal Award: We reaffirm our unwavering commitment to maintaining a free and open Indo-Pacific that is peaceful, stable,...",1,0,0,4,2,0
https://www.gov.uk/government/publications/china-prosperity-fund-programme,China Prosperity Fund Programme,2021-09-30,"Foreign, Commonwealth & Development Office",www.gov.uk,8,"In line with the UN Sustainable Development Goals, the Prosperity Fund enables the UK to work with China in addressing the biggest global challenges, such as climate change. The Prosperity Fund is also used to promote the conditions for sustainable and i...",0,0,0,0,3,0
https://www.gov.uk/government/publications/ukchina-agreement-on-cooperation-and-mutual-administrative-assistance-in-customs-matters-ts-no32021,UK/China: Agreement on Cooperation and Mutual Administrative Assistance in Customs Matters [TS No.3/2021],2021-02-03,"Foreign, Commonwealth & Development Office",www.gov.uk,1,...ed title: Agreement between the Government of the United Kingdom of Great Britain and Northern Ireland and the Government of the People’s Republic of China on  Cooperation and Mutual Administrative Assistance in Customs Matters.,0,0,0,0,1,0
https://www.gov.uk/government/publications/report-mapping-chinas-climate-and-energy-policies,Report Mapping China’s Climate and Energy Policies,2019-03-13,"Foreign & Commonwealth Office, Foreign, Commonwealth & Development Office",www.gov.uk,15,"The fourth edition of the report “Mapping China’s Climate and Energy Policies” describes, maps and analyzes China’s national-level Party, government agencies, academic and research institutions, an...",0,0,0,0,0,0
https://www.gov.uk/government/news/uk-announces-increased-funding-for-china-capabilities-programme,UK announces increased funding for China Capabilities Programme,2023-03-13,"Prime Minister's Office, 10 Downing Street, Foreign, Commonwealth & Development Office",www.gov.uk,15,"the Prime Minister announces doubling UK funding for 2024 to 2025 to build expertise on China will boost Mandarin language skills and UK’s ability to engage with and understand China, while protecting national security The Prime Minister Rishi...",4,0,0,4,1,0
https://www.gov.uk/government/speeches/wto-trade-policy-review-of-china-uk-statement,WTO Trade Policy Review of China: UK Statement,2021-10-20,"Foreign, Commonwealth & Development Office, Department for International Trade",www.gov.uk,37,"...by Minister Wang Wentao and Vice-Minister Wang Shouwen - and of course to the team here in Geneva. As others have said, it is now twenty years since China joined the WTO and the global trading landscape has been transformed during that period. And as others have noted, China’s share of global trade has...",0,0,0,0,0,0
https://www.gov.uk/government/publications/the-great-britain-china-centre-annual-report-and-accounts-2020-to-2021,The Great Britain China Centre annual report and accounts 2020 to 2021,2021-10-21,"Foreign, Commonwealth & Development Office, Great Britain-China Centre, Foreign & Commonwealth Office",www.gov.uk,2,"The Great Britain China Centre (GBCC) promotes mutual trust and understanding between China and the UK. The GBCC is an executive non-departmental public body, sponsored by t...",0,0,0,0,0,0
https://www.gov.uk/government/publications/the-great-britain-china-centre-annual-report-and-accounts-2021-to-2022,The Great Britain China Centre annual report and accounts 2021 to 2022,2023-03-30,"Foreign, Commonwealth & Development Office, Great Britain-China Centre",www.gov.uk,2,"The Great Britain China Centre (GBCC) promotes mutual trust and understanding between China and the UK. The GBCC is an executive non-departmental public body, sponsored by t...",0,0,0,0,0,0
https://www.gov.uk/government/publications/the-great-britain-china-centre-annual-report-and-accounts-2022-to-2023,The Great Britain-China Centre annual report and accounts 2022 to 2023,2023-12-14,"Foreign, Commonwealth & Development Office, Great Britain-China Centre",www.gov.uk,2,"The Great Britain China Centre ( GBCC ) promotes mutual trust and understanding between China and the UK. The GBCC is an executive non-departmental public body, sponsored by...",0,0,0,0,0,0
https://www.gov.uk/government/news/change-of-his-majestys-ambassador-to-china-peter-wilson,Change of His Majesty’s Ambassador to China: Peter Wilson,2025-05-16,"Foreign, Commonwealth & Development Office",www.gov.uk,1,"Mr Peter Wilson CMG has been appointed His Majesty’s Ambassador to the People’s Republic of China in succession to Dame Caroline Wilson DCMG, who will be transferring to another Diplomatic Service appointment.  Mr Wilson will take up his appointme...",1,0,0,0,0,0
https://www.gov.uk/government/news/fcdo-spokesperson-statement-on-incidents-in-the-south-china-sea,"South China Sea incidents, December 2023: FCDO statement",2023-12-11,"Foreign, Commonwealth & Development Office",www.gov.uk,3,"...sperson said: The UK condemns the unsafe and escalatory tactics deployed by Chinese vessels against the Philippines on 9 and 10 December in the South China Sea. The UK opposes any action which raises tensions, including harassment, unsafe conduct and intimidation tactics which increase the risk of miscal...",1,0,0,0,0,0
https://www.gov.uk/government/publications/china-uk-high-level-security-dialogue-official-statement,China-UK high-level security dialogue: official statement,2016-06-12,"Cabinet Office, Foreign & Commonwealth Office, Foreign, Commonwealth & Development Office",www.gov.uk,1,...he Central Commission on Political and Legal Affairs (CCPLA) Wang Yongqing and the UK National Security Adviser Mark Lyall Grant co-chaired the first China-UK High Level Security Dialogue. The two sides agreed that this first dialogue was an important measure to implement the Joint Statement on the Globa...,1,0,1,0,2,0
https://www.gov.uk/government/publications/the-great-britain-china-centre-annual-report-and-accounts-2019-to-2020,The Great Britain China Centre annual report and accounts 2019 to 2020,2020-09-16,"Foreign, Commonwealth & Development Office, Foreign & Commonwealth Office, Great Britain-China Centre",www.gov.uk,2,"The Great Britain China Centre (GBCC) promotes mutual trust and understanding between China and the UK. The GBCC is an executive non-departmental public body, sponsored by t...",0,0,0,0,0,0
https://www.gov.uk/government/speeches/our-position-on-china-speech-by-the-foreign-secretary,Our position on China: Foreign Secretary's 2023 Mansion House speech,2023-04-25,"Foreign, Commonwealth & Development Office",www.gov.uk,77,"...t is vital never to lose sight of the biggest long-term questions. So tonight I propose to focus on a subject that will define our epoch, and that is China and the UK’s policy towards it. I’m often asked to express that policy in a single phrase, or to sum up China itself in one word, whether ‘threat’, o...",13,2,0,6,9,1
https://www.gov.uk/government/publications/great-britain-china-centre-annual-report-and-accounts-2023-to-2024,Great Britain-China Centre annual report and accounts 2023 to 2024,2024-12-06,"Foreign, Commonwealth & Development Office, Great Britain-China Centre",www.gov.uk,2,"The Great Britain China Centre ( GBCC ) promotes mutual trust and understanding between China and the UK. The GBCC is an executive non-departmental public body, sponsored by...",0,0,0,0,0,0
https://www.gov.uk/government/news/billions-in-exports-and-investment-deals-secured-as-pm-concludes-visit-to-china,Billions in exports and investment deals secured as PM concludes visit to China,2026-01-30,"Prime Minister's Office, 10 Downing Street, Department for Business and Trade, Foreign, Commonwealth & Development Office",www.gov.uk,39,"First PM visit to China in eight years ends with £2.2 billion in export deals, around £2.3 billion in market access wins and hundreds of millions of investments secured Whis...",2,1,0,0,4,3
https://www.gov.uk/government/publications/great-britain-china-centre-annual-report-and-accounts-2024-to-2025,Great Britain–China Centre annual report and accounts 2024 to 2025,2026-03-18,"Foreign, Commonwealth & Development Office, Great Britain-China Centre",www.gov.uk,2,"The Great Britain–China Centre (GBCC) promotes mutual trust and understanding between China and the UK. The GBCC is an executive non-departmental public body, sponsored by t...",0,0,0,0,0,0
https://www.gov.uk/government/news/foreign-secretary-statement-on-thailands-deportation-of-40-uyghur-muslims-to-china,Foreign Secretary statement on Thailand’s deportation of 40 Uyghur Muslims to China,2025-02-27,"Foreign, Commonwealth & Development Office",www.gov.uk,2,Foreign Secretary David Lammy said: The UK disagrees in the strongest terms with Thailand’s decision to deport 40 Uyghur Muslims to China. This is despite Thailand’s international obligations in relation to non-refoulement and the well-documented ongoing human rights violations in Xinji...,0,0,0,0,0,0
https://www.gov.uk/government/speeches/world-trade-organization-chinas-trade-policy-review-uk-statement,World Trade Organization: China’s Trade Policy Review. UK Statement,2024-07-17,"Foreign, Commonwealth & Development Office",www.gov.uk,34,"...d friend Ambassador Li; to you Chair, as ever; and to our Discussant for his comments. Whilst all Trade Policy Reviews require preparation, to review China’s trade policies is to review more than one tenth of global trade. So I take my hat off to the Secretariat for their report. And, of course, to the C...",3,3,1,0,1,0
https://www.gov.uk/government/speeches/world-peace-forum-beijing-china-and-europe-panel-session,World Peace Forum Beijing - China and Europe Panel Session,2021-07-05,"Foreign, Commonwealth & Development Office",www.gov.uk,22,"...o talk about opportunities and challenges. So I want to explore some of the questions posed by the opportunities and challenges we have. I’ve been in China now for nearly a year as Ambassador. I’m lucky to have seen a great deal of this country since my arrival. And as I travel, I love collecting 成语. One...",3,0,0,1,3,0
https://www.gov.uk/government/news/foreign-secretary-statement-on-xinjiang-24-may-2022,"China’s human rights violations in Xinjiang: Foreign Secretary's statement, May 2022",2022-05-24,"Foreign, Commonwealth & Development Office",www.gov.uk,7,"UK Foreign Secretary Liz Truss said: Today, further shocking details of China’s human rights violations in Xinjiang have emerged, which add to the already extensive body of evidence from Chinese government documents, first-hand...",0,0,0,0,0,0
https://www.gov.uk/government/news/foreign-secretary-completes-landmark-trip-to-china-and-india-to-bolster-uk-security,Foreign Secretary completes landmark trip to China and India to bolster UK security,2026-06-06,"Foreign, Commonwealth & Development Office",www.gov.uk,8,"The Foreign Secretary Yvette Cooper has concluded her visit to two key world powers China and India Her agenda has focused on issues crucial for the UK national interest, including freedom of navigation in the Strait of Hormuz, Russia’s il...",0,5,0,5,7,0
https://www.gov.uk/government/news/minister-adams-summons-chinese-charge-daffaires,Minister Adams summons Chinese Charge d’Affaires following China's sanctions,2021-03-26,"Foreign, Commonwealth & Development Office",www.gov.uk,4,"...ms MP, made clear Beijing’s decision to impose sanctions on British individuals and entities is unwarranted and unacceptable. The Minister noted that China has chosen to sanction individuals and entities that are seeking to shine a light on human rights violations and that today’s actions would not distr...",0,0,0,0,0,0
https://www.gov.uk/government/news/media-freedom-in-china-statement-from-media-freedom-coalition-members,Media freedom in China: statement from Media Freedom Coalition members,2021-01-20,"Foreign, Commonwealth & Development Office",www.gov.uk,4,"...ment of the protection of human rights and fundamental freedoms. In total, there are currently believed to be at least 47 journalists in detention in China, more than any other country in the world. We urge the Chinese authorities to release immediately Ms. Zhang Zhan, and all those detained in connectio...",0,0,0,0,0,0
https://www.gov.uk/government/speeches/south-china-sea-conference-2023-speech-by-the-uk-minister-for-the-indo-pacific,South China Sea conference 2023: speech by the UK Minister for the Indo-Pacific,2023-10-27,"Foreign, Commonwealth & Development Office",www.gov.uk,11,"...a close partner with Vietnam on maritime security and remain committed to strengthening our collaboration. I’m here because what happens in the South China Sea matters globally. As you’re aware, almost 60% of global maritime trade passes through the South China Sea. This makes it vital that all parties e...",2,2,0,7,10,0
https://www.gov.uk/government/publications/fifth-meeting-of-the-uk-china-high-level-people-to-people-dialogue-joint-statement,Fifth meeting of the UK-China High-Level People to People Dialogue: joint statement,2017-12-11,"Foreign & Commonwealth Office, Foreign, Commonwealth & Development Office",www.gov.uk,6,Chinese Vice Premier Mme Liu Yandong and UK Secretary of State for Health Jeremy Hunt signed this joint statement of the fifth meeting of the UK-China High-Level People to People Dialogue on 7 December 2017. UK-China ambassadorial diplomatic relations were established 45 years ago and have resulted...,0,0,0,0,1,0
https://www.gov.uk/government/news/fcdo-statement-on-chinas-human-rights-violations-in-xinjiang-30-may-2022,"China’s human rights violations in Xinjiang: FCDO statement, 30 May 2022",2022-05-30,"Foreign, Commonwealth & Development Office",www.gov.uk,3,"...de the full, unfettered access to Xinjiang for the UN High Commissioner for Human Rights that we and our international partners have long called for. China’s failure to grant such access only serves to highlight their determination to hide the truth. We will continue to act with our international partner...",0,0,0,0,0,0
https://www.gov.uk/government/speeches/un-human-rights-council-56-uk-statement-for-universal-periodic-review-adoption-on-china,UN Human Rights Council 56: UK Statement for Universal Periodic Review Adoption on China,2024-07-04,"Foreign, Commonwealth & Development Office",www.gov.uk,7,"Thank you, Mr President, We regret that China has today rejected each and every one of the UK’s recommendations. In doing so, the Chinese government has failed to acknowledge its serious human ri...",2,0,0,0,0,0
https://www.gov.uk/government/news/foreign-secretary-statement-following-publication-of-un-human-rights-chiefs-report-on-xinjiang,"UN Human Rights Chief's report on Xinjiang, China: Foreign Secretary's statement",2022-09-01,"Foreign, Commonwealth & Development Office",www.gov.uk,5,"UK Foreign Secretary Liz Truss said: The report by the UN High Commissioner for Human Rights provides new evidence of the appalling extent of China’s efforts to silence and repress Uyghurs and other minorities in Xinjiang. It includes harrowing evidence, including first-hand accounts from victims...",0,1,0,0,0,0
https://www.gov.uk/government/speeches/un-human-rights-council-45-uk-statement-for-the-item-4-general-debate,UN Human Rights Council 45: UK statement on China for item 4 general debate,2020-09-25,"Foreign, Commonwealth & Development Office",www.gov.uk,4,"Today, we focus on the serious situation in China. In Hong Kong, Beijing’s imposition of the National Security Law is a serious breach of the legally binding Sino-British Joint Declaration. It violat...",2,0,0,0,0,0
https://www.gov.uk/government/speeches/south-china-sea-conference-2024-speech-by-uk-minister-for-the-indo-pacific,South China Sea conference 2024: speech by UK Minister for the Indo-Pacific,2024-10-23,"Foreign, Commonwealth & Development Office",www.gov.uk,3,"...at the UK wants a free and open Indo-Pacific. Because put simply, our collective global prosperity hinges on keeping the vital sea-lanes in the South China Sea open. Or the East Sea, as I believe in Vietnam you call it. Our shared security interests also demand that we stand-up for principles of sovereig...",4,0,0,9,5,0
https://www.gov.uk/government/speeches/world-trade-organization-hong-kong-chinas-trade-policy-review-december-2023-uk-statement,"World Trade Organization: Hong Kong, China’s Trade Policy Review, December 2023: UK Statement",2023-12-06,"Foreign, Commonwealth & Development Office",www.gov.uk,30,"Chair, let me join others in welcoming the delegation from Hong Kong, China, led by Director-General of Trade and Industry, Ms. Wong. Let me also express my gratitude to the wider delegation, ably led in Geneva by Permanent R...",3,0,0,0,2,0
https://www.gov.uk/government/news/foreign-secretary-james-cleverly-meets-with-chinas-foreign-minister-wang-yi-september-2022,"Foreign Secretary James Cleverly meets with China's Foreign Minister Wang Yi, September 2022",2022-09-21,"Foreign, Commonwealth & Development Office",www.gov.uk,2,"A spokesperson from the Foreign, Commonwealth and Development Office said: Foreign Secretary James Cleverly held a first meeting with China’s Foreign Minister Wang Yi at the UN General Assembly on Tuesday 20 September 2022. The Foreign Secretary expressed his appreciation for Vice Preside...",0,0,0,0,1,1
https://www.gov.uk/government/news/readout-of-foreign-secretary-meeting-with-chinas-director-of-foreign-affairs-commission-office-and-foreign-minister,"Foreign Secretary's meeting with China's Director of Foreign Affairs Commission Office and Foreign Minister, July 2024",2024-07-25,"Foreign, Commonwealth & Development Office",www.gov.uk,3,"On 26 July, the Foreign Secretary David Lammy met China’s Director of Foreign Affairs Commission Office and Foreign Minister Wang Yi at the ASEAN Foreign Ministers meeting in Vientiane, Laos. They had a co...",2,0,0,1,2,0
https://www.gov.uk/government/news/what-happens-in-the-south-china-sea-matters-globally-uk-indo-pacific-minister-to-tell-maritime-conference-in-vietnam,“What happens in the South China Sea matters globally”: UK Indo-Pacific minister to tell maritime conference in Vietnam ,2023-10-24,"Foreign, Commonwealth & Development Office",www.gov.uk,5,"Minister to give keynote speech at 15th annual South China Sea conference in Ho Chi Minh City on 25 October, reaffirming the UK’s commitment to a free and open Indo-Pacific at the OECD regional meeting in Han...",0,0,0,6,4,0
https://www.gov.uk/government/publications/factsheet-on-intellectual-property-3d-product-design,Factsheet on Intellectual Property & 3D Product Design,2021-04-09,"Foreign & Commonwealth Office, Foreign, Commonwealth & Development Office",www.gov.uk,5,"China is an important manufacturing location for products featuring British design, including by original equipment manufacturers (OEMs) producing goods fo...",0,0,0,0,0,0
https://www.gov.uk/government/news/foreign-secretary-statement-on-china-sanctions,China's sanctions on UK citizens: Foreign Secretary's statement,2021-03-26,"Foreign, Commonwealth & Development Office",www.gov.uk,1,"...inic Raab said: It speaks volumes that, while the UK joins the international community in sanctioning those responsible for human rights abuses , the Chinese government sanctions its critics. If Beijing want to credibly rebut claims of human rights abuses in Xinjiang, it should allow the UN High Commission...",0,0,0,0,0,0
https://www.gov.uk/guidance/export-luxury-goods-to-north-korea-or-syria-special-rules,Export luxury goods to North Korea or Syria: special rules,2016-11-09,"Foreign & Commonwealth Office, Foreign, Commonwealth & Development Office",www.gov.uk,2,"...ender - for example, antique coins cutlery made from precious metal or plated or clad with precious metal high quality tableware made from porcelain, china, stone or earthenware or fine pottery high quality lead crystal glassware high end electronic items for domestic use (for example toasters, coffee ma...",0,0,0,0,0,0
https://www.gov.uk/government/news/foreign-secretary-statement-on-chinas-decision-to-ban-bbc-world,China’s decision to ban BBC World: Foreign Secretary's statement,2021-02-11,"Foreign, Commonwealth & Development Office",www.gov.uk,4,"Foreign Secretary, Dominic Raab said: China’s decision to ban BBC World News in mainland China is an unacceptable curtailing of media freedom. China has some of the most severe restrictions on...",0,0,0,0,0,0
https://www.gov.uk/government/collections/nuclear-non-proliferation-treaty-npt,Nuclear Non-Proliferation Treaty (NPT),2026-03-20,"Foreign, Commonwealth & Development Office",www.gov.uk,2,"...ful uses of nuclear energy pursue negotiations in good faith on disarmament measures This treaty is important because it contains commitments made by China, France, Russia, the UK and the US. The NPT refers to these countries as the Nuclear Weapon States ( NWS ). It came into force in 1970 and its core a...",3,0,0,0,4,0
https://www.gov.uk/guidance/getting-married-at-a-british-embassy-high-commission-or-consulate,"Getting married at a British embassy, high commission or consulate",2024-09-10,"Foreign, Commonwealth & Development Office",www.gov.uk,2,...a same-sex marriage. Cambodia At the British Embassy Phnom Penh you can have a same-sex marriage with a national of any country other than Cambodia. China At the British Embassy Beijing you can have a same-sex marriage with a national of any country or an opposite-sex marriage with a national of any cou...,0,0,0,0,3,0
https://www.gov.uk/government/news/china-military-exercises-14-october-fcdo-statement,"China military exercises, 14 October: FCDO statement",2024-10-14,"Foreign, Commonwealth & Development Office",www.gov.uk,1,"An FCDO spokesperson said: We are concerned by China’s military exercises around Taiwan, which increase tensions and risk dangerous escalation in the Taiwan Strait. The UK reaffirms our clear interest i...",3,0,0,1,2,0
https://www.gov.uk/government/news/statement-on-chinas-military-exercises-2-april-2025,"Statement on China's military exercises, 2 April 2025",2025-04-02,"Foreign, Commonwealth & Development Office",www.gov.uk,1,"An FCDO spokesperson said: We are concerned by China’s military exercises around Taiwan, part of a pattern of activity which is increasing tensions and risking dangerous escalation in the Taiwan Strait....",2,0,0,3,2,0
https://www.gov.uk/guidance/understanding-rules-of-origin-under-the-developing-countries-trading-scheme,Understanding rules of origin under the Developing Countries Trading Scheme,2023-06-18,"Foreign, Commonwealth & Development Office, Department for Business and Trade",www.gov.uk,4,"...on-originating content at the chapter level (HS2). Illustration 3: An Ethiopian leather shoe manufacturer sourcing 75% non-originating materials from China, Germany, and Austria Category Raw   Material Source 1 Raw   Material Source 2 Raw   Material Source 3 Raw   Material Source 4 Raw Material Source 5...",0,0,0,0,1,0
https://www.gov.uk/government/publications/acquisition-of-xre-alpha-limited-by-china-power-international-holdings-limited-notice-of-final-order,Acquisition of XRE Alpha Limited by China Power International Holdings Limited: notices of final order and variation of final order,2023-05-02,"Department for Energy Security and Net Zero, Cabinet Office, Department for Business, Energy & Industrial Strategy",www.gov.uk,1,"...Industrial Strategy has made a final order under the National Security and Investment Act 2021 in respect of the acquisition of XRE Alpha Limited by China Power International Holdings Limited. On 27 April 2023, the Secretary of State in the Cabinet Office made the decision to vary the final order.",1,2,0,0,0,0
https://www.gov.uk/government/publications/government-response-to-the-isc-china-report,Government response to the ISC China report,2023-09-14,"Cabinet Office, National Security and Intelligence",www.gov.uk,1,The government’s response to the Intelligence and Security Committee of Parliament’s 2023 China report.,0,0,0,0,0,0
https://www.gov.uk/government/speeches/pms-speech-at-beida-university-china,"PM's speech at Beida University, China",2010-11-10,"Cabinet Office, Prime Minister's Office, 10 Downing Street",www.gov.uk,88,A transcript of speech given by the Prime Minister at the Beida University in China on 10 November 2010: Introduction Twenty five years ago I came to Hong Kong as a student. The year was 1985. Deng Xiaoping and Margaret Thatcher had...,4,0,0,0,10,0
https://www.gov.uk/government/news/relations-with-china-a-priority-cabinet-minister-tells-chinese-ambassador,"Relations with China are a priority, Chinese Ambassador told",2010-06-22,Cabinet Office,www.gov.uk,5,"...et Minister without Portfolio Baroness Warsi today met with the Chinese Ambassador to reinforce the importance of the relationship between the UK and China to the new UK government. Ambassador Liu Xiaoming has been active in strengthening the relationship between China and the UK, meeting a number of Cab...",0,0,0,0,1,0
https://www.gov.uk/government/speeches/prime-minister-we-want-a-strong-relationship-with-china,"Prime Minister: ""We want a strong relationship with China""",2010-11-10,Cabinet Office,www.gov.uk,87,"...continued to make is an example to the world of what can be achieved when two countries cooperate in confidence and with mutual respect. Since then, China has changed almost beyond recognition. China’s National Anthem famously calls on the people of China to stand up Qi lai qi lai (stand up, stand up) T...",4,0,0,0,10,0
https://www.gov.uk/government/news/the-chancellor-for-the-duchy-of-lancaster-to-visit-china-in-a-golden-era-for-the-two-countries,The Chancellor of the Duchy of Lancaster to visit China in a ‘Golden Era’ for the two countries,2018-04-09,Cabinet Office,www.gov.uk,14,"David Lidington, the Chancellor of the Duchy of Lancaster and Minister for the Cabinet Office, will make a three-day visit to China this week, building on the announcement of a new chapter in the ‘Golden Era’ between the UK and China during the Prime Minister’s visit earlier this...",0,0,0,0,4,0
https://www.gov.uk/government/speeches/uk-and-chinas-long-term-relationship-prime-ministers-speech,UK and China's long-term relationship: Prime Minister’s speech,2013-12-03,"Cabinet Office, Prime Minister's Office, 10 Downing Street",www.gov.uk,17,"...e that is indispensable for both of us; I appreciate those words and I agree with every one of them. And it’s good to meet again on my first visit to China since you became Premier, and at such an important time as you embark on the next decade of reform. I enjoyed our meeting in Downing Street in 2011....",0,0,0,0,3,0
https://www.gov.uk/government/news/second-high-level-uk-china-security-dialogue-february-2017,Second high-level UK-China security dialogue: February 2017,2017-02-17,"Cabinet Office, Foreign & Commonwealth Office, National Security and Intelligence",www.gov.uk,8,"...ark Lyall Grant, National Security Adviser, hosted Wang Yongqing, Secretary-General of the Central Commission for Politics and Law, for the second UK-China High Level Security Dialogue. The dialogue covered a wide range of security issues including cyber; counter-terrorism; and organised crime. The two d...",3,0,7,0,4,0
https://www.gov.uk/government/news/new-guidance-to-help-uk-digital-firms-engage-safely-and-ethically-with-china,New guidance to help UK digital firms engage safely and ethically with China,2020-11-06,"Department for Digital, Culture, Media & Sport (2017 to 2023), Cabinet Office",www.gov.uk,16,China is the UK’s third-largest export market and the world’s second-largest and fastest-growing major economy A government website has been developed in r...,5,0,0,0,1,0
https://www.gov.uk/government/news/uk-and-china-further-strengthen-golden-era-relationship,UK and China further strengthen Golden Era relationship,2018-05-14,Cabinet Office,www.gov.uk,6,"...of Lancaster and Minister for the Cabinet Office, met Cai Qi, the Beijing Party Secretary, to fortify a ‘Golden Era’ of relations between the UK and China. The meeting further strengthens the Government's ambition to pursue a progressive free trade agenda between the two countries. Mr Lidington used tod...",0,0,0,0,3,0
https://www.gov.uk/government/news/cop26-president-concludes-constructive-discussions-with-china-on-climate-action,COP26 President concludes constructive discussions with China on climate action,2021-09-08,Cabinet Office,www.gov.uk,18,"Visit focused around discussions with Special Representative for Climate Change Affairs of China, Xie Zhenhua on China’s central role in addressing the global climate crisis, in their first face-to-face meeting COP President stressed the need for...",0,0,0,0,2,0
https://www.gov.uk/government/news/uk-holds-china-state-affiliated-organisations-and-individuals-responsible-for-malicious-cyber-activity,UK holds China state-affiliated organisations and individuals responsible for malicious cyber activity,2024-04-02,"Foreign, Commonwealth & Development Office, National Cyber Security Centre, Cabinet Office, Home Office",www.gov.uk,24,"...ystems were highly likely compromised by a Chinese state-affiliated entity between 2021 and 2022. Second, NCSC assesses it is almost certain that the China state-affiliated Advanced Persistent Threat Group 31 ( APT31 ) conducted reconnaissance activity against UK parliamentarians during a separate campai...",7,2,26,1,1,0
https://www.gov.uk/government/speeches/writing-a-new-chapter-in-the-global-era,Writing a new chapter in the Global Era,2018-04-11,Cabinet Office,www.gov.uk,44,"...ng Tao and Lord Mandelson for your kind words of welcome. I am delighted to be here in Beijing this morning during what is my third official visit to China, leading the United Kingdom delegation to the tenth UK-China Senior Leadership Forum. Having attended previous forums, it is with great pleasure that...",0,1,1,0,12,0
https://www.gov.uk/government/speeches/prime-ministers-speech-to-chinese-new-year-reception,Prime Minister's speech to Chinese New Year reception,2013-02-13,"Cabinet Office, Prime Minister's Office, 10 Downing Street",www.gov.uk,17,"...eption at Downing Street on Tuesday 12 February, the Prime Minister David Cameron said: There’s a very deep and rich relationship between Britain and China, and it’s that relationship that we are celebrating tonight. Of course we’re also celebrating the Year of the Snake. I’m very proud of the fact that...",0,0,0,0,0,0
https://www.gov.uk/government/speeches/building-a-global-britain,Building a global Britain,2018-04-10,Cabinet Office,www.gov.uk,26,"Introduction Thank you for that kind introduction. I am delighted to be with you here this afternoon during what is my third official visit to China. I first visited this unique country back in 2008 when I attended the second UK-China Senior Leadership Forum, which we jointly hold with the Communi...",0,0,0,5,12,0
https://www.gov.uk/government/speeches/accelerating-the-global-energy-transition-through-international-collaboration,Accelerating the global energy transition through international collaboration,2021-09-03,Cabinet Office,www.gov.uk,6,"...uests, it is a pleasure to speak to you today. This is a major year for our planet. The year of both COP26, hosted by the UK, and CBD COP15, of which China is President. These events are intimately connected, because the issues they seek to address, the climate crisis and biodiversity loss, are two sides...",0,0,0,0,3,0
https://www.gov.uk/government/speeches/foreign-secretary-on-the-situation-in-xinjiang-and-the-governments-response,Human rights violations in Xinjiang and the government's response: Foreign Secretary's statement,2021-01-12,"Foreign, Commonwealth & Development Office, Cabinet Office, Home Office, Department for International Trade",www.gov.uk,9,"...e within the international community in the effort to shine a light on the appalling treatment of the Uyghurs, and to increase diplomatic pressure on China to stop and to remedy its actions. I have made my concerns over Xinjiang clear directly to China’s Foreign Minister Wang Yi. We have led internationa...",3,4,1,0,1,0
https://www.gov.uk/government/news/prime-minister-s-questions,Prime Minister’s Questions,2010-11-10,Cabinet Office,www.gov.uk,1,"The Deputy Prime Minister answered questions from MPs in the weekly PMQs session as the Prime Minister is in China. Tuition fees, Burma elections and renewable energy were on the agenda at today’s Prime Minister’s Questions. The Deputy Prime Minister also took que...",0,0,0,0,0,0
https://www.gov.uk/government/news/national-archive-records-from-1983-released,National Archive records from 1983 released,2013-08-01,"Cabinet Office, Prime Minister's Office, 10 Downing Street",www.gov.uk,1,...he many foreign policy challenges you can read about are the relationship with President Reagan during the Cold War and the prime minister’s visit to China where the papers cover subjects from the sovereignty of Hong Kong to London Zoo’s desire for a fertile female panda. There were also many economic ch...,0,0,0,0,0,0
https://www.gov.uk/government/speeches/press-conference-with-premier-wen-jiabao,Press conference with Premier Wen Jiabao,2011-06-27,"Cabinet Office, Prime Minister's Office, 10 Downing Street",www.gov.uk,88,"...countries to a new level, and I warmly welcome what he has done to make that happen. I’ve made deepening and strengthening the UK’s relationship with China a priority for this Government. Today, we’ve reached important agreements on bilateral trade, on working together to address the big global policy is...",0,0,0,1,6,0
https://www.gov.uk/government/news/action-to-disrupt-and-deter-threats-to-uk-as-mi5-issues-spy-alert,Action to disrupt and deter threats to UK as MI5 issues spy alert,2025-11-18,"Cabinet Office, Home Office",www.gov.uk,12,MI5 issues alert over Chinese spying in Westminster. Security Minister calls out ‘covert and calculated attempt by China to interfere with our sovereign affairs’ and vows to take measures to protect security. New action plan to disrupt and deter spying will include legi...,5,0,16,1,0,0
https://www.gov.uk/government/speeches/chinese-new-year-2014-david-camerons-speech,Chinese New Year 2014: David Cameron's speech,2014-02-03,"Cabinet Office, Prime Minister's Office, 10 Downing Street",www.gov.uk,22,"...he purpose of tonight is to celebrate, and I think we have a number of good things to celebrate. We can celebrate the extraordinary success of modern China. I was so struck by this on the recent visit that I made and the very good meetings I had with the President and the Premier, the huge business deleg...",0,0,0,0,0,0
https://www.gov.uk/government/speeches/statement-on-g20-summit-in-seoul,Statement on G20 summit in Seoul,2010-11-15,"Cabinet Office, Prime Minister's Office, 10 Downing Street",www.gov.uk,6,"With permission, Mr Speaker, I would like to make a statement on my visit to China and the G20 Summit in Korea. First Mr Speaker, I’m sure the whole House would want to join with me in welcoming the liberation, at last, of Aung San...",1,0,0,0,0,0
https://www.gov.uk/government/speeches/pm-press-conference-at-g20,PM press conference at G20,2010-11-12,"Cabinet Office, Prime Minister's Office, 10 Downing Street",www.gov.uk,18,"...to happen, both are agreed here in Seoul. My challenge this week in Asia was to help business and help create jobs, both through stronger links with China and greater consensus globally on the next steps for the world economy, and on both these we have made good progress. In China, we strengthened our c...",2,0,0,2,2,0
https://www.gov.uk/government/news/investment-screening-powers-protect-national-security-and-support-growth,Investment screening powers protect national security and support growth,2026-07-14,Cabinet Office,www.gov.uk,3,"...lobally diverse range of investment origins, with final orders and detailed reviews covering transactions involving acquirers associated with the UK, China, Germany, the United States, and the United Arab Emirates, among others. The government took action to block or impose conditions on nine transaction...",10,7,0,6,0,0
https://www.gov.uk/government/news/alok-sharma-brings-51-countries-together-for-critical-climate-discussions-ahead-of-cop26,Alok Sharma brings 51 countries together for critical climate discussions ahead of COP26,2021-07-24,Cabinet Office,www.gov.uk,3,"...hat require resolution at COP26 COP26 President hopes to build common ground and sketch the outline of the Glasgow outcome ahead of summit US, India, China among 50+ countries represented at two-day ministerial meeting in a combination of virtual and in-person attendance Today [Sunday] the COP26 Presiden...",0,0,0,0,1,0
https://www.gov.uk/government/speeches/deputy-prime-minister-speech-to-the-national-manufacturing-summit,Deputy Prime Minister speech to the National Manufacturing Summit,2012-02-23,"Cabinet Office, Deputy Prime Minister's Office",www.gov.uk,4,"...if we want to exploit our own collective potential as a real power in manufacturing across the world. Look at what we’re up against - Germany, India, China.  These are countries brimming with young children who do dream of becoming engineers, who do dream of going in to manufacturing. And China doesn’t j...",0,0,0,0,0,0
https://www.gov.uk/government/speeches/cyber-is-a-poster-child-for-growth,Cyber is a poster child for growth,2025-05-07,Cabinet Office,www.gov.uk,6,"...iles. It’s also about this cyber realm, too - and this Government is absolutely committed to making sure we and our allies are strong in this domain. China: And let me say a word about China. When we think about international activity in cyberspace, we need to be clear-eyed about the challenge posed by C...",9,4,47,3,3,0
https://www.gov.uk/government/news/1984-cabinet-papers-released,1984 Cabinet papers released,2014-01-03,Cabinet Office,www.gov.uk,1,"...relations following the shooting of PC Yvonne Fletcher, Prime Minister Margaret Thatcher’s first meeting with Mikhail Gorbachev and negotiations with China on the future of Hong Kong. There was also a lot to deal with at home as the miners’ strike began in March of that year, levels of public spending we...",0,0,0,1,0,0
https://www.gov.uk/government/speeches/deputy-prime-ministers-speech-at-the-africa-jubilee-business-forum,Deputy Prime Minister’s speech at the Africa Jubilee Business Forum,2013-05-13,"Cabinet Office, Deputy Prime Minister's Office",www.gov.uk,4,"...shows that almost a quarter of African countries’ GDP grew at 7% or higher in 2012. It’s estimated that that growth across the continent could rival China in years to come. Now that’s a story worth telling, but one often lost in the customary narrative of conflict and instability in Africa. So it’s time...",0,0,0,0,3,0
https://www.gov.uk/government/speeches/lord-mayors-banquet-2013-prime-ministers-speech,Lord Mayor’s Banquet 2013: Prime Minister’s speech,2013-11-11,"Cabinet Office, Prime Minister's Office, 10 Downing Street",www.gov.uk,7,"...le of market, with the climate for enterprise, the money and the skills to trump them all. But as the number of university places surges in India, as China creates more patents that any other country in the world and as Brazil becomes the world’s first sustainable biofuels economy, people ask the questio...",1,0,0,0,0,0
https://www.gov.uk/government/speeches/pm-direct-in-stockton-on-tees,PM Direct in Stockton-on-Tees,2013-12-13,"Cabinet Office, Prime Minister's Office, 10 Downing Street",www.gov.uk,11,"...all I wanted to say. Now it’s time for your questions and my answers. Feel free to ask about anything you want. Question David, the competition with China’s had a huge negative impact on manufacturing over here. You’re now building closer ties with China. How do you see that benefitting manufacturing? P...",1,0,0,1,1,0
https://www.gov.uk/government/speeches/deputy-prime-ministers-speech-on-economic-security,Deputy Prime Minister's speech on economic security,2024-04-18,Cabinet Office,www.gov.uk,7,"...e of October 7th with Hamas still holding innocent people hostage. It has been over two years since Russia’s illegal invasion of Ukraine… …meanwhile, China’s aggression in Xinjiang, the South China Sea, and Hong Kong demonstrates its disregard for the rules based order. We have returned to substrata geop...",18,13,5,1,8,0
https://www.gov.uk/government/publications/prosperity-fund-annual-report-2016-to-2017,Prosperity Fund annual report 2016 to 2017,2017-12-21,"Cabinet Office, Foreign & Commonwealth Office, Department for International Development, HM Treasury, Department for International Trade, Department for Business, Energy & Industrial Strategy",www.gov.uk,1,"...ti-money laundering capacity in India to improve the business environment First year projects took place in: Angola, Argentina, Brazil, Burma, Chile, China, Colombia, India, Indonesia, Kazakhstan, Kenya, Malaysia, Mexico, Mozambique, Nigeria, Peru, Philippines, South Africa, Tanzania, Thailand, Turkey an...",0,0,0,0,4,0
https://www.gov.uk/government/publications/global-trade-programme,Global Trade Programme,2022-10-27,"Department for Business and Trade, Cabinet Office, Foreign, Commonwealth & Development Office, Department for International Trade, Department for Business, Energy & Industrial Strategy",www.gov.uk,1,"...of the programme have large and emerging economies, and face continued development challenges, such as high levels of poverty and inequality: Brazil China India Indonesia Mexico Nigeria South Africa Turkey Vietnam, and wider South East Asia The programme will provide technical assistance to remove non-t...",0,0,0,0,2,0
https://www.gov.uk/government/speeches/world-economic-forum-davos-2014-speech-by-david-cameron--2,World Economic Forum (Davos) 2014: speech by David Cameron,2014-01-30,"Cabinet Office, Prime Minister's Office, 10 Downing Street",www.gov.uk,5,...ars to computer-makers. It’s not just one sector; it’s across all sectors of the economy. The food manufacturer Symingtons is moving its factory from China to Leeds. Hornby the model train manufacturer is bringing some of its manufacturing from India to Britain. Raspberry Pi computers have shipped produc...,1,2,0,0,0,0
https://www.gov.uk/government/news/hong-kong-to-host-technology-festival-for-cutting-edge-british-businesses,Hong Kong to host technology festival for cutting-edge British businesses,2017-09-21,"Department for International Trade, Cabinet Office, HM Treasury",www.gov.uk,2,"...Lam, Chief Executive of Hong Kong, is visiting London to mark 20 years since the former British territory was handed over to the People’s Republic of China. Last night she joined the Chancellor of the Exchequer, Philip Hammond, at a gala dinner attended by 600 UK and Hong Kong business people where a new...",0,0,0,0,3,0
https://www.gov.uk/government/speeches/queens-speech-2015,Queen’s Speech 2015,2015-05-27,Cabinet Office,www.gov.uk,2,"...f Ukraine, and will insist on the full implementation  of the Minsk agreements. My government looks forward to an enhanced partnership with India and China. Prince Philip and I look forward to our state visit to Germany next month and to our state visit to Malta in November, alongside the Commonwealth He...",2,0,2,2,3,0
https://www.gov.uk/government/speeches/pms-speech-at-the-g20,PM's speech at the G20,2010-11-11,"Cabinet Office, Prime Minister's Office, 10 Downing Street",www.gov.uk,4,"...arns $200 a month and is making school uniforms that are sold in France or Germany or Britain for just $20, yes, that woman who is leaving poverty in China is gaining, but that family in Britain that is buying something more cheaply is also gaining.  We need to end this idea that export success for one c...",1,0,0,0,0,0
https://www.gov.uk/government/speeches/prime-ministers-press-briefing-at-the-foreign-press-association,Prime Minister's press briefing at the Foreign Press Association,2013-06-13,"Cabinet Office, Prime Minister's Office, 10 Downing Street",www.gov.uk,8,...that means I think everyone is going to have to fulfil their responsibilities. Lady here. Question My question is do you have an agenda talking about China? And also how do you think the dialogue system in G8 compare with the other dialogue system in the world talking about China? And for example like le...,4,0,0,0,2,0
https://www.gov.uk/government/speeches/speech-to-lord-mayors-banquet,Speech to Lord Mayor's Banquet,2010-11-15,"Cabinet Office, Prime Minister's Office, 10 Downing Street",www.gov.uk,4,"...of all thank you, Lord Mayor, for the warmth of that welcome. I have just come back from visiting two of the fastest-growing economies in the world: China, with average growth of nearly 10% a year for the last three decades, and Korea, which in 1960 had a GDP only twice that of Zambia, but which today h...",9,0,6,14,4,0
https://www.gov.uk/government/speeches/deputy-prime-ministers-speech-on-green-growth-at-the-climate-change-capital,Deputy Prime Minister’s speech on green growth at the Climate Change Capital,2011-05-22,"Cabinet Office, Deputy Prime Minister's Office",www.gov.uk,4,"...tsubishi are all keen to do business in renewable and offshore wind in the UK. But if we want to stay competitive we can’t afford to let up. In 2009, China, the world’s biggest energy consumer, poured $34 billion into its low-carbon economy. The UK currently generates the most offshore wind power in the...",2,0,0,0,1,0
https://www.gov.uk/government/news/procurement-bill-strengthened-to-protect-national-security,Procurement Bill strengthened to protect national security,2023-06-07,Cabinet Office,www.gov.uk,2,"...ive areas. In addition, the Government is committing to publish a timeline for the removal of surveillance equipment produced by companies subject to China’s National Intelligence Law from sensitive central government sites. Minister for the Cabinet Office and Paymaster General Jeremy Quin said: Protecti...",24,2,4,3,0,0
https://www.gov.uk/government/speeches/climate-change-is-a-global-challenge-and-we-must-deliver-together-to-tackle-it,Delivering on the Glasgow Climate Pact in a changing world,2022-04-25,Cabinet Office,www.gov.uk,3,"...eps to increase clean power production. And at COP26, India announced that 50 percent of its energy requirements will be met from renewables by 2030. China is one of the world’s top investors in domestic renewables capacity. The current energy crisis has also demonstrated the broader benefits of this shi...",1,0,0,0,5,0
https://www.gov.uk/government/speeches/cop26-president-alok-sharmas-keynote-speech-to-columbia-university-world-leaders-forum,COP26 President Alok Sharma's keynote speech to Columbia University World Leaders Forum,2022-09-22,Cabinet Office,www.gov.uk,3,"...is summer we have seen the US experience its worst drought in over a thousand years years. Europe has experienced its worst drought in 500 years. And China its worst ever drought, as record temperatures have dried up key parts of the Yangtze River. I could go on. You will all have examples as well. I was...",1,0,0,0,1,0
https://www.gov.uk/government/speeches/prime-ministers-address-at-the-clean-energy-ministerial,Prime Minister's address at the Clean Energy Ministerial,2012-04-26,"Cabinet Office, Prime Minister's Office, 10 Downing Street",www.gov.uk,2,...uld be clear that growing demand for energy across the world is a good thing. It’s a sign of people getting wealthier. It’s the result of millions in China and India owning cars and millions of families in Africa having access to power for the first time. But with global demand forecast to increase by mo...,0,1,0,0,2,0
https://www.gov.uk/government/speeches/prime-ministers-remarks-at-clean-energy-meeting,Prime Minister's remarks at Clean Energy meeting,2012-04-26,"Cabinet Office, Prime Minister's Office, 10 Downing Street",www.gov.uk,2,...uld be clear that growing demand for energy across the world is a good thing. It’s a sign of people getting wealthier. It’s the result of millions in China and India owning cars and millions of families in Africa having access to power for the first time. But with global demand forecast to increase by mo...,0,1,0,0,2,0
https://www.gov.uk/government/news/we-will-protect-national-security-through-a-strengthened-procurement-regime,We will protect national security through a strengthened procurement regime,2023-06-07,Cabinet Office,www.gov.uk,1,"...rnment, for example GCHQ. Finally, we are committing to publish a timeline for the removal of surveillance equipment produced by companies subject to China’s National Intelligence Law from sensitive central government sites. We have already taken firm action in this area. Last year we halted the installa...",8,0,1,0,0,0
https://www.gov.uk/government/speeches/pms-speech-on-aid-trade-and-democracy,"PM's speech on aid, trade and democracy",2011-07-19,"Cabinet Office, Prime Minister's Office, 10 Downing Street",www.gov.uk,4,"...ich country is predicted by some to have the highest average GDP growth in the world over the next 40 years? You might think Brazil, Russia, India or China. No. Think Africa. Think Nigeria. The point I want to make today, is this: This can be Africa’s moment. Africa is transforming in a way no-one though...",1,0,0,1,2,0
https://www.gov.uk/government/speeches/speech-to-the-times-ceo-summit,Speech to The Times CEO Summit,2010-06-29,"Cabinet Office, Prime Minister's Office, 10 Downing Street",www.gov.uk,6,"...ow the problems, but I asked for the figures just to see what has happened over the last decade. A decade ago, we had 8% of their market, the same as China. Today, ten years later, we have 4%, and China has 16%. If you take just that one example of a high-growth economy where Britain has got a fantastic...",1,1,0,1,2,0
https://www.gov.uk/government/speeches/chancellor-of-the-duchy-of-lancaster-speech-to-the-bcc,Chancellor of the Duchy of Lancaster speech to the BCC,2019-03-28,Cabinet Office,www.gov.uk,3,"...nsure that this country remains a successful and open trading nation. Over the next decade the world economy will be dominated by the EU, the US, and China. UK trade with those blocs is valued at £637bn, £184bn, and £66bn respectively. And by the middle of this century, the US, China and India will make...",2,2,0,0,3,0
https://www.gov.uk/government/news/exporters-recognised-in-the-2020-new-year-honours-list,Exporters recognised in the 2020 New Year Honours list,2019-12-27,"Department for International Trade, Cabinet Office",www.gov.uk,1,"...ic and South Korea, Rolls-Royce and lately President, British Chamber of Commerce, Singapore (OBE) Dianna Francombe, Chief Executive, West of England China Bureau (OBE) Christopher Gaunt, Executive Chair, British Chamber of Commerce, Turkey (OBE) Sean David Ramsden, Founder and Chief Executive, Ramsden I...",0,0,0,1,1,0
https://www.gov.uk/government/speeches/public-service-transformation-matt-hancock-speech,Public service transformation: Matt Hancock speech,2015-10-26,Cabinet Office,www.gov.uk,4,"...gravitational pull. And there are always rewards for states that notice and react. Sometimes they don’t. From millennia back to around 500 years ago, China was the richest and most advanced country on earth, accounting for a third of global output. But it didn’t last. Complacency, insularity, a stultifyi...",2,0,3,1,0,0
https://www.gov.uk/government/speeches/pm-statement-on-g20-7-november-2011,PM statement on G20 - 7 November 2011,2011-11-07,"Cabinet Office, Prime Minister's Office, 10 Downing Street",www.gov.uk,2,"...ructural reforms to restore competitiveness. There was some real progress. For instance, Russia is making changes to its foreign exchange regime. And China agreed to increase its exchange rate flexibility. Both of these are reflected in the communique. But more needs to be done. Slide to protectionism Th...",0,0,0,0,0,0
https://www.gov.uk/government/speeches/chancellor-of-the-duchy-of-lancaster-speech-to-cbi-scotland,Chancellor of the Duchy of Lancaster speech to CBI Scotland,2018-05-11,Cabinet Office,www.gov.uk,3,"...r set of commonly-recognised standards, we can agree those new trade deals with the global growth markets of tomorrow as well. Indeed, when I visited China just last month, I saw first-hand how hard our network of embassies around the world work to promote both UK and Scottish exports, such as the finest...",0,2,0,0,11,0
https://www.gov.uk/government/speeches/pms-speech-in-turkey,PM's speech in Turkey,2010-07-27,"Cabinet Office, Prime Minister's Office, 10 Downing Street",www.gov.uk,3,"...g people than any of the 27 countries of the European Union? Which country in Europe is our number one manufacturer of televisions and second only to China in the world in construction and in contracting? Tabii ki Turkiye. Everyone is talking about the BRICs, the fast-growing emerging economies of Brazil...",2,0,0,2,8,0
https://www.gov.uk/government/speeches/pms-speech-on-creating-a-new-economic-dynamism,"PM's speech on creating a ""new economic dynamism""",2010-10-25,"Cabinet Office, Prime Minister's Office, 10 Downing Street",www.gov.uk,3,"...t is the right kind of involvement? I believe one of the most important things government can do is drive trade. Last year the share of UK exports to China and India was just 3.2 per cent. Indeed, the UK exports more to Ireland than to Brazil, Russia, India and China - combined. These are shocking figure...",1,0,0,0,2,0
https://www.gov.uk/government/news/national-security-powers-to-be-updated-to-reduce-the-burden-on-businesses,National security powers to be updated to reduce the burden on businesses,2025-07-22,Cabinet Office,www.gov.uk,1,"...ollowed by the US. Of the 17 final orders issued, the largest number involved acquirers associated with the UK, followed by acquirers associated with China and acquirers associated with the USA. Defence and Military & Dual Use acquisitions also accounted for the largest number of final orders.",7,6,0,4,0,0
https://www.gov.uk/government/news/queen-to-bestow-new-regius-professorships-on-outstanding-universities--2,Queen to bestow new Regius Professorships on outstanding Universities,2012-10-12,Cabinet Office,www.gov.uk,1,"...urgh in Britain, and an Honorary Fellow of the Royal Society of New Zealand. Sir Graeme has also held Visiting Professorships in New Zealand, Brazil, China, Argentina, South Africa, Israel and India.",0,0,0,0,0,0
https://www.gov.uk/government/news/civilian-gallantry-list-may-2024,Civilian Gallantry List: May 2024,2024-05-13,Cabinet Office,www.gov.uk,2,"...prevented further harm to members of the public. KING’S COMMENDATION FOR BRAVERY Stephen Ellison, for rescuing a stranger from a river in Chongqing, China in November 2020. In November 2020, Mr Ellison was posted in Chongqing, China, in his role as British Consul General. On a walk at the time, Mr Ellis...",2,0,0,1,0,0
https://www.gov.uk/government/speeches/pm-and-president-obama-remarks-at-white-house-arrival-ceremony,PM and President Obama remarks at White House arrival ceremony,2012-03-14,"Cabinet Office, Prime Minister's Office, 10 Downing Street",www.gov.uk,2,"...rovides a strong foundation for bilateral trade worth nearly $200 billion a year.  In fact, American investment in the UK, is eight times larger than China, and UK investment in America, is nearly 140 times that of China. So, yes, the world is changing at a faster rate than ever before and the ways we wi...",1,0,0,2,3,0
https://www.gov.uk/government/speeches/the-importance-of-scotland-to-the-uk-david-camerons-speech,The importance of Scotland to the UK: David Cameron’s speech,2014-02-07,"Cabinet Office, Prime Minister's Office, 10 Downing Street",www.gov.uk,3,"...ation is there today. Together we’re stronger at getting out there and selling our products to the world. Take Scotch whisky. Whether I’m in India or China, there is barely a meeting abroad when I don’t bang the drum for whisky abroad. Now, of course, the First Minister fights hard for those deals too, b...",0,0,0,3,4,0
https://www.gov.uk/government/speeches/prime-ministers-speech-on-exporting-and-growth,Prime Minister's speech on exporting and growth,2011-11-10,"Cabinet Office, Prime Minister's Office, 10 Downing Street",www.gov.uk,3,"...ew consumers. People hungry for the skills and services Britain is best at. The fact that we export more to Ireland than to Brazil, Russia, India and China combined shows just how reliant we are on Europe and how much opportunity there is for us to grasp in these emerging economies. And I say this is the...",1,0,0,0,0,0
https://www.gov.uk/government/news/matt-hancock-pledges-greater-transparency-and-effective-open-data,Matt Hancock pledges greater transparency and effective open data,2016-05-04,Cabinet Office,www.gov.uk,1,"...0 VCs, Pro-VCs, Presidents, Rectors, Ministers and Chief Executives from around 75 countries including Afghanistan, Ethiopia, Saudi Arabia, Colombia, China and Ukraine. Speakers will include Dr Blade Nzimande, Minister for Higher Education and Her Excellency, Phumzile Mlambo-Ngcuka",0,0,0,0,4,0
https://www.gov.uk/government/speeches/great8-showcase-cannes-film-festival,GREAT8 Showcase - Cannes Film Festival,2024-05-22,Cabinet Office,www.gov.uk,1,"...in recent years. And, according to the latest research, the UK is home to the fourth largest filmed entertainment market in the world after the USA, China and Japan. Part of this success is thanks to the UK Government’s unwavering commitment to seeing the industry excel. The Government continues to supp...",0,0,0,0,0,0
https://www.gov.uk/government/news/uks-thriving-tech-sector-promoted-to-american-entrepreneurs-and-investors,UK’s thriving tech sector promoted to American entrepreneurs and investors,2023-04-25,Cabinet Office,www.gov.uk,1,"...K became only the third country in the world to have its tech sector valued at one trillion dollars, making it a tech superpower alongside the US and China. To date, 162 ‘tech Unicorns’ - private start-ups which are valued at more than $1bn - have been started in the UK, more than the total number in Ger...",0,0,0,0,2,0
https://www.gov.uk/government/speeches/pms-speech-at-global-investment-conference,PM's speech at Global Investment Conference,2012-07-26,"Cabinet Office, Prime Minister's Office, 10 Downing Street",www.gov.uk,4,"...ences on everything from energy to life sciences, aerospace to education and the creative industries. They will take part in country-specific days on China and Brazil, the previous and the next hosts of the Olympics and two of the most exciting and fast-growing countries in the world.  And also I hope pe...",1,0,0,0,2,0
https://www.gov.uk/government/speeches/pm-gives-speech-at-canadian-parliament,PM gives speech at Canadian Parliament,2011-09-22,"Cabinet Office, Prime Minister's Office, 10 Downing Street",www.gov.uk,3,"...untry’s success is another country’s failure. That if our exports grow then someone else’s will shrink. That somehow if we import low cost goods from China we’re failing. As if all the benefits of China’s exports go to China alone. When actually we benefit too from choice, competition, low prices in our...",4,0,0,6,2,0
https://www.gov.uk/government/news/cop-president-continues-push-for-meaningful-climate-action-ahead-of-cop27,COP President continues push for meaningful climate action ahead of COP27,2022-05-29,Cabinet Office,www.gov.uk,1,"...7 in Egypt. Tomorrow, (Tuesday 31 May) Mr Sharma will speak in Stockholm at the Ministerial on Climate Action (MOCA), co-hosted by Canada, the EU and China, which is focussed on the implementation of the Paris Agreement. Mr Sharma will then take part in Stockholm +50, which is organised by the United Nat...",0,0,0,0,0,0
https://www.gov.uk/government/news/uk-calls-for-greater-global-ambition-as-un-finds-world-warming-faster-than-previously-estimated,UK calls for greater global ambition as UN finds world warming faster than previously estimated.,2021-08-11,Cabinet Office,www.gov.uk,1,"...meet in Glasgow in November for the critical COP26 summit.” As extreme events are felt across the globe, from wildfires in North America to floods in China, across Europe, India and parts of Africa, and heatwaves in Siberia, COP President Alok Sharma has been negotiating with governments and businesses t...",0,0,0,0,0,0
https://www.gov.uk/government/news/small-businesses-to-benefit-from-one-of-the-largest-shake-ups-to-procurement-regulations-in-uk-history,Small businesses to benefit from one of the largest shake ups to procurement regulations in UK history,2023-10-27,Cabinet Office,www.gov.uk,1,"...curements. In addition, the Government is committing to publish a timeline for the removal of surveillance equipment produced by companies subject to China’s National Intelligence Law from central government sensitive sites. Government will also produce an annual written report to Parliament detailing pr...",12,1,1,1,0,0
https://www.gov.uk/government/publications/100-days-mission-to-respond-to-future-pandemic-threats,100 Days Mission to Respond to Future Pandemic Threats,2021-06-12,Cabinet Office,www.gov.uk,1,"...as ready. A scenario where: We had a sophisticated international surveillance network that alerted the world to some unusual cases of “flu” in Wuhan, China in December 2019, that was able to share the genomic sequence and disease information even quicker than the 20 days it took. A responsive diagnostics...",17,3,11,0,4,0
https://www.gov.uk/government/speeches/minister-lopez-closing-remarks-on-westminster-hall-debate-on-procurement,Minister Lopez closing remarks on Westminster Hall debate on procurement,2020-12-09,Cabinet Office,www.gov.uk,2,"...protective equipment (PPE) and other medical products far exceeded supply. Faced with these exceptional levels of global demand, the usual vendors in China who serviced the NHS’s central procurement function very quickly ran out of supply and the world descended on a few factories in that country to bid...",1,0,0,1,0,0
https://www.gov.uk/government/news/house-to-examine-strengthened-national-security-measures-as-procurement-bill-progresses-to-report-stage,House to examine strengthened national security measures as Procurement Bill progresses to report stage,2023-06-13,Cabinet Office,www.gov.uk,1,"...areas. In addition, the Government has committed to publishing a timeline for the removal of surveillance equipment produced by companies subject to China’s National Intelligence Law from sensitive central government sites. The Bill also confirms that value for money remains paramount during contracting...",13,1,1,3,0,0
https://www.gov.uk/government/speeches/transcript-pm-speech-in-indonesia,Transcript: PM speech in Indonesia,2012-04-12,"Cabinet Office, Prime Minister's Office, 10 Downing Street",www.gov.uk,1,"...of urban areas, and to stop using heavy weapons against his own people. This plan was backed by the United Nations, by the Arab League, by Russia, by China and the whole international community. The deadline for Assad to comply passed yesterday, but instead of stopping the killing, Kofi Annan now reports...",0,0,0,4,5,0
https://www.gov.uk/government/speeches/celebrating-british-enterprise-speech-by-the-prime-minister,Celebrating British enterprise: speech by the Prime Minister,2013-09-12,"Cabinet Office, Prime Minister's Office, 10 Downing Street",www.gov.uk,1,"...story. And there’s one last thing to think about which is this: today when you look around the industrial landscape of the western world or indeed in China or India, the amount of companies that have gone from nothing to mega-size, in 5 or 10 years is staggering. You know if you think back 50 years a lot...",0,0,0,1,0,0
https://www.gov.uk/government/speeches/cop-president-addresses-g20-climate-and-energy-meeting-in-naples,COP President addresses G20 Climate and Energy meeting in Naples,2021-07-23,Cabinet Office,www.gov.uk,1,"...n global temperature rises makes a difference. Extreme weather is on the march across the world. Wildfires are raging across North America. Floods in China and across Europe, are leaving a trail of devastation in their wake. In the past few years, South Africa has faced municipal water supplies running d...",3,0,0,0,0,0
https://www.gov.uk/government/speeches/sir-stephen-lovegrove-speech-at-the-council-on-geostrategy,Sir Stephen Lovegrove speech at the Council on Geostrategy,2021-09-16,Cabinet Office,www.gov.uk,3,"...of diverse and networked threats to the UK, its people and its interests. It emphasises geopolitical and geoeconomic shifts, not least as a result of China’s increasing assertiveness and the direct threat posed by Russia. It warned against a complacent defence of the status quo given the pressure that th...",12,0,1,17,16,1
https://www.gov.uk/government/speeches/pms-parliamentary-address-for-the-diamond-jubilee,PM's parliamentary address for the Diamond Jubilee,2012-03-07,"Cabinet Office, Prime Minister's Office, 10 Downing Street",www.gov.uk,1,...d was a lesson in statecraft. It showed once again that the Queen can extend the hand of friendship like no other. She was the first monarch to visit China. The first to visit Russia. The first to pay a state visit to the Vatican. Her trip to post-Apartheid South Africa was a statement that resounded acr...,0,0,0,2,0,1
https://www.gov.uk/government/speeches/prime-ministers-speech-to-cbi,Prime Minister's speech to CBI,2012-11-19,"Cabinet Office, Prime Minister's Office, 10 Downing Street",www.gov.uk,2,"...n of the speech is as written, not as spoken: I look around this room and see people I’ve been on trade missions with all around the world to Africa, China, India, Russia, Mexico, Brazil. It’s great to see Aggreko here -we were in Africa together and I’m glad you’ve sealed that deal in Cote d’Ivoire and...",1,1,0,0,0,0
https://www.gov.uk/government/speeches/pms-interview-with-bbc-news,PM's interview with BBC News,2010-06-26,"Cabinet Office, Prime Minister's Office, 10 Downing Street",www.gov.uk,1,"...n because their risk is lack of confidence. For the rest of the world, do we need to deal with the imbalances between the big surplus countries, like China, and the big deficit countries, like us and the US? Yes, we do need to deal with those imbalances and that’s what President Obama is speaking about....",3,0,0,0,0,0
https://www.gov.uk/government/speeches/deputy-prime-minister-speech-on-cyber-operations,Deputy Prime Minister speech on cyber operations,2023-12-07,Cabinet Office,www.gov.uk,1,"...mission targeted by a complex cyber attack. As I warned at CYBERUK in Belfast in April… …the greatest risks still emanate from the “usual suspects”… …China, Iran, North Korea, and Russia. But they are increasingly using ‘Wagner-style’ sub-state hackers to do their dirty work. Today in concert with our Fi...",7,0,32,1,0,0
https://www.gov.uk/government/speeches/pms-speech-at-sovereigns-parade-sandhurst,"PM's speech at Sovereign's Parade, Sandhurst",2010-08-13,"Cabinet Office, Prime Minister's Office, 10 Downing Street",www.gov.uk,1,"...ng institutions in the world. Today there are 21 officers being commissioned from 13 countries From Afghanistan to Yemen, from Rwanda to Bahrain From China to Kosovo, to Swaziland and the United States of America. And we’re very proud that you’ve all come here for your training. And as newly commissioned...",2,0,0,4,0,0
https://www.gov.uk/government/speeches/pm-speech-at-uk-china-business-summit,PM speech at UK-China Business Summit,2015-10-22,"Prime Minister's Office, 10 Downing Street, UK Trade & Investment",www.gov.uk,23,"...commercial deals that we are signing – totalling almost £40 billion. And this event is about bringing together business leaders from both the UK and China to finalise and celebrate these deals, but also to strengthen the links that will ensure more trade and more investment, for both our countries. Now...",0,1,0,0,9,0
https://www.gov.uk/government/news/pm-visits-china,PM visits China,2010-11-09,"Prime Minister's Office, 10 Downing Street",www.gov.uk,2,"...Government’s new Business Ambassadors, who will promote the UK’s excellence in overseas markets. Read more: PM leads largest ever trade delegation to China.",0,0,0,0,0,0
https://www.gov.uk/government/news/uk-and-china-partners-for-growth,UK and China 'partners for growth',2011-06-27,"Prime Minister's Office, 10 Downing Street",www.gov.uk,12,"...omed by Mr Cameron at the Foreign Office with a guard of honour before moving to Number 10 for talks. Following their meeting, the PM said trade with China represented a “huge opportunity” for the UK, and the countries were on target to meet their aim of expanding bilateral trade to 100 billion US dollar...",0,0,0,0,1,0
https://www.gov.uk/government/news/chinas-economic-rise-an-opportunity-pm,China’s economic rise 'an opportunity' - PM,2010-11-10,"Prime Minister's Office, 10 Downing Street",www.gov.uk,10,"Speaking to students at Beida University in Beijing today, he called for a UK-China relationship that is “strong on trade, strong on investment, strong on dialogue”. The Prime Minister gave his speech towards the end of a two-day tri...",0,0,0,0,2,0
https://www.gov.uk/government/news/uk-and-china-building-a-long-term-relationship,UK and China: building a long-term relationship,2013-12-03,"Prime Minister's Office, 10 Downing Street, Department for Business, Innovation & Skills, Department for Digital, Culture, Media & Sport (2017 to 2023), Department for Environment, Food & Rural Affairs, Department of Health and Social Care, Foreign & Commonwealth Office, UK Trade & Investment",www.gov.uk,16,See how the UK trade delegation is striking deals and winning business: Prime Minister’s trade mission to China 2013 Meetings and announcements The British business delegation has struck deals worth £5.6 billion on the trip . Other news and announcements includ...,0,0,0,0,2,0
https://www.gov.uk/government/news/uk-china-economic-and-financial-dialogue,UK-China economic and financial dialogue,2011-09-08,"Prime Minister's Office, 10 Downing Street",www.gov.uk,6,The Vice Premier was attending the Fourth UK-China economic and financial dialogue (EFD) hosted by Mr Osborne. The UK is the only European country to hold this type of dialogue with the Chinese Govern...,0,0,0,0,0,0
https://www.gov.uk/government/news/pm-and-mr-may-to-visit-china,PM and Mr May to visit China,2018-01-29,"Prime Minister's Office, 10 Downing Street",www.gov.uk,15,The Prime Minister will visit China for three days from today in a trip intended to build on the existing strong ties between our two countries. This will be the second time the Prime M...,0,0,0,0,4,0
https://www.gov.uk/government/news/pm-champions-eu-free-trade-deal-with-china,PM champions EU free trade deal with China,2013-12-02,"Prime Minister's Office, 10 Downing Street, Department for Business, Innovation & Skills, UK Trade & Investment",www.gov.uk,35,The Prime Minister will call for the European Union ( EU ) and China to negotiate a free trade deal unleashing tens of billions to the European and Chinese economies. Leading the largest ever British trade mission to g...,0,0,1,0,3,0
https://www.gov.uk/government/news/pm-announces-new-uk-china-creative-and-cultural-collaboration,PM announces new UK-China creative and cultural collaboration,2018-02-02,"Prime Minister's Office, 10 Downing Street",www.gov.uk,20,"As China’s economy diversifies, and as the country moves from a heavily industrialised to a knowledge-based, innovation-driven economy, there are ambitions fo...",0,0,0,0,3,0
https://www.gov.uk/government/news/uk-and-china-agree-14-billion-of-trade-and-investment-deals,UK and China agree £14 billion of trade and investment deals,2014-06-17,"UK Trade & Investment, Department for Business, Innovation & Skills, Prime Minister's Office, 10 Downing Street",www.gov.uk,57,...been signed between UK and Chinese firms as the Chinese Premier Li Keqiang meets Prime Minister David Cameron during a visit to the UK. The annual UK-China summit takes place just 6 months after the Prime Minister’s visit to China and with bilateral trade at record levels – up by 8% overall in 2013. UK e...,0,0,0,0,8,0
https://www.gov.uk/government/news/pm-call-with-president-xi-of-china-18-february-2020,PM call with President Xi of China: 18 February 2020,2020-02-18,"Prime Minister's Office, 10 Downing Street",www.gov.uk,6,The Prime Minister spoke to President Xi of China this morning. He offered his sympathies for those affected by the outbreak of coronavirus in China.  President Xi thanked the UK for its support and...,0,0,0,0,1,0
https://www.gov.uk/government/news/pm-meeting-with-premier-li-of-china-19-october-2018,PM meeting with Premier Li of China: 19 October 2018,2018-10-19,"Prime Minister's Office, 10 Downing Street",www.gov.uk,4,"Prime Minister Theresa May today held a bilateral meeting with Premier Li of China at the Asem summit in Brussels. The two leaders began by discussing the Prime Minister’s successful visit to China earlier this year, when she had be...",0,0,0,2,0,0
https://www.gov.uk/government/news/uk-and-china-premier-li-visits-downing-street,UK and China: Premier Li visits Downing Street,2014-06-16,"Prime Minister's Office, 10 Downing Street",www.gov.uk,15,Prime Minister David Cameron and Premier Li Keqiang joint press conference The summit took place just 6 months after the Prime Minister’s trip to China and with bilateral trade at record levels – up by 8% overall in 2013. Read a joint statement following the summit and a summary of the issues discuss...,0,0,0,0,0,0
https://www.gov.uk/government/news/pm-leads-largest-ever-trade-delegation-to-china,PM leads largest ever trade delegation to China,2010-11-09,"Prime Minister's Office, 10 Downing Street",www.gov.uk,8,"...ease trade between the two countries. Writing in the Wall Street Journal today, Mr Cameron said: [The trip will] provide a further step forward in UK-China relations, adding momentum to our commercial relationship and cementing an economic and political partnership that can help to deliver strong and sus...",0,0,0,0,1,0
https://www.gov.uk/government/news/pm-call-with-president-xi-jinping-of-china-23-august-2024,PM call with President Xi Jinping of China: 23 August 2024,2024-08-23,"Prime Minister's Office, 10 Downing Street",www.gov.uk,3,"The Prime Minister spoke to President Xi Jinping of China this morning. The Prime Minister began by setting out his priorities for his government, including national security, secure borders and economic sta...",1,0,0,0,2,0
https://www.gov.uk/government/news/uk-china-discuss-the-next-step-for-economic-and-trade-relations,UK-China discuss the next step for economic and trade relations,2016-11-10,"HM Treasury, Prime Minister's Office, 10 Downing Street, Department for International Trade",www.gov.uk,20,"The Chancellor will host talks today (10 November 2016) with Chinese Vice Premier Ma Kai, aimed at intensifying the UK’s trading relationship with China and showcasing Britain as one of the best places in the world to do business. The eighth UK-China Economic and Financial Dialogue ( EFD ) involves a...",0,0,0,0,3,0
https://www.gov.uk/government/news/uk-welcomes-president-xi-jinping-for-china-state-visit,UK welcomes President Xi Jinping for China State visit,2015-10-20,"Foreign & Commonwealth Office, Prime Minister's Office, 10 Downing Street, UK Trade & Investment, Department of Energy & Climate Change, Department for Business, Innovation & Skills, Department for Education, Department for Environment, Food & Rural Affairs, Department for International Development, HM Treasury",www.gov.uk,48,News and Updates The State Visit is the crowning highlight in a special year for the UK-China relationship – a global partnership for the 21st century – and a spectacular celebration of our shared appreciation of heritage and culture. This par...,0,0,0,0,6,0
https://www.gov.uk/government/news/prime-minister-secures-scotch-whisky-tariff-cut-in-china-worth-250-million,Prime Minister secures Scotch whisky tariff cut in China worth £250 million,2026-01-29,"Scotland Office, Prime Minister's Office, 10 Downing Street",www.gov.uk,7,"The Prime Minister has secured a significant win for Scotland’s iconic whisky industry, with China agreeing to cut tariffs on Scotch whisky from 10 per cent to 5 per cent. The deal, signed during the Prime Minister’s visit to Beijing, will be worth...",0,0,0,0,0,1
https://www.gov.uk/government/news/football-deal-kicks-off-pms-trade-mission-to-china,Football deal kicks off PM’s trade mission to China,2013-12-02,"Prime Minister's Office, 10 Downing Street, Department for Digital, Culture, Media & Sport (2017 to 2023)",www.gov.uk,28,"...er and former England and Chelsea footballer Graeme Le Saux today (2 December). It will include: Premier League working with Chinese Super League and China Football Association on programmes and projects to promote and develop football in China, including with Chinese Super League clubs such as Beijing G...",0,0,0,0,4,0
https://www.gov.uk/government/news/pm-call-with-premier-li-keqiang-of-china,PM call with Premier Li Keqiang of China,2013-03-21,"Prime Minister's Office, 10 Downing Street",www.gov.uk,2,A Number 10 Spokesperson said: The Prime Minister spoke to Premier Li Keqiang of China this morning to congratulate him on his recent appointment. Premier Li thanked the Prime Minister and spoke warmly about his last visit to Downing St...,0,0,0,0,2,0
https://www.gov.uk/government/news/billions-of-pounds-in-uk-china-business-deals-agreed-at-business-summit,Billions of pounds in UK-China business deals agreed at business summit,2015-10-22,"UK Trade & Investment, Prime Minister's Office, 10 Downing Street",www.gov.uk,26,"...eron and Chinese President Xi Jinping today (21 October 2015) witnessed the signing of billions of pounds in business deals, further strengthening UK-China relations. The deals, which were completed at a UK-China Business Summit at Mansion House this afternoon, included: Hinkley: Chinese investment to bu...",0,0,0,0,6,0
https://www.gov.uk/government/news/pm-call-with-president-xi-jinping-of-china-25-march-2022,PM call with President Xi Jinping of China: 25 March 2022,2022-03-25,"Prime Minister's Office, 10 Downing Street",www.gov.uk,2,The Prime Minister spoke to China’s President Xi Jinping earlier today. The Prime Minister expressed again his sympathy with the victims of the flight that crashed in China last week....,0,0,0,0,0,0
https://www.gov.uk/government/news/pm-to-set-out-ambitious-new-approach-to-uk-china-education,PM to set out ambitious new approach to UK-China education,2018-01-31,"Prime Minister's Office, 10 Downing Street, Department for Education",www.gov.uk,15,"...000 students currently in the UK worth an estimated £5 billion annually. There are also now some 9,000 young British people studying and interning in China, with numbers up 60% since 2013. Visiting the Chinese city of Wuhan today, which has the largest student population of any city in the world, the Pri...",0,0,0,0,1,0
https://www.gov.uk/government/news/prime-minister-to-promise-a-consistent-pragmatic-partnership-with-china-to-make-uk-better-off,"Prime Minister to promise a consistent, pragmatic partnership with China to make UK better off",2026-01-27,"Prime Minister's Office, 10 Downing Street",www.gov.uk,20,"...ly 60 British businesses and cultural organisations As the world’s second largest economy and the UK’s third largest trading partner, engagement with China is vital for the British people He will pledge a partnership fit for our times, grounded in the UK national interest and focused on making the UK bet...",4,1,0,2,6,2
https://www.gov.uk/government/news/uk-china-border-security-deal-to-help-disrupt-small-boat-supply-lines,UK-China border security deal to help disrupt small boat supply lines,2026-01-28,"Prime Minister's Office, 10 Downing Street, Border Security Command",www.gov.uk,13,Prime Minister expected to strike new border security pact on first China visit in eight years to disrupt supply of small boat engines More than half of small boat engines used by people smugglers crossing the English Chann...,1,0,0,0,2,0
https://www.gov.uk/government/news/56-billion-worth-of-deals-signed-in-china,£5.6 billion worth of deals signed in China,2013-12-03,"UK Trade & Investment, Prime Minister's Office, 10 Downing Street",www.gov.uk,65,"...illion and creating over 1,500 UK jobs have been signed between UK and Chinese firms during the largest ever trade mission led by a Prime Minister to China. More than 120 British companies, including around 60 small and medium-sized UK firms, have made the trip to China, which aims to take the economic r...",0,2,0,0,12,0
https://www.gov.uk/government/news/uk-china-summit-global-economy-roundtable,UK-China summit: Global Economy Roundtable,2014-06-17,"Prime Minister's Office, 10 Downing Street",www.gov.uk,2,"...okesperson said: The Prime Minister, Premier Li and Chancellor met the heads of international financial institutions this afternoon as part of the UK China Summit. They discussed the challenges facing the global economy with Christine Lagarde ( IMF ), Jim Kim (World Bank), Angel Gurria ( OECD ) and Mark...",0,0,0,0,0,0
https://www.gov.uk/government/news/prime-minister-unlocks-new-opportunities-for-british-businesses-in-china,Prime Minister unlocks new opportunities for British businesses in China,2026-01-29,"Prime Minister's Office, 10 Downing Street",www.gov.uk,34,UK and China to launch new partnership to expand UK’s world-leading services sector in China Responds to requests from UK business to make it easier to operate in...,0,0,0,0,10,0
https://www.gov.uk/government/news/multimillion-boost-to-uk-economy-as-healthcare-trade-deals-with-china-sealed,Multimillion boost to UK economy as healthcare trade deals with China sealed,2013-12-02,"Department of Health and Social Care, Prime Minister's Office, 10 Downing Street",www.gov.uk,12,"...ls, Prime Minister David Cameron announced today. The Prime Minister and Health Secretary, Jeremy Hunt witnessed the final agreements being sealed in China, during the Prime Minister’s three day visit to the country. The deals include: Sinophi Healthcare signed contracts for hospital management and hospi...",1,0,0,0,4,0
https://www.gov.uk/government/news/pm-meeting-with-president-xi-jinping-of-china-18-november-2024,PM meeting with President Xi Jinping of China: 18 November 2024,2024-11-18,"Prime Minister's Office, 10 Downing Street",www.gov.uk,3,"The Prime Minister met President Xi Jinping of China at the G20 Summit in Brazil today. The Prime Minister began by setting out that as G20 countries and members of the UN Security Council, the UK and C...",0,0,0,0,2,2
https://www.gov.uk/government/news/china-state-visit-will-unlock-more-than-30-billion-of-commercial-deals,China State Visit will unlock more than £30 billion of commercial deals,2015-10-19,"Prime Minister's Office, 10 Downing Street, UK Trade & Investment",www.gov.uk,12,"The Prime Minister will welcome the President of China, Xi Jinping, this week in a State Visit that will see more than £30 billion worth of trade and investment deals completed, creating over 3,900 jobs a...",1,0,0,0,0,0
https://www.gov.uk/government/news/pm-meeting-with-president-xi-jinping-of-china-29-january-2026,PM meeting with President Xi Jinping of China: 29 January 2026,2026-01-30,"Prime Minister's Office, 10 Downing Street",www.gov.uk,3,"The Prime Minister met the Chinese President Xi Jinping in Beijing today. The Prime Minister thanked the President for a warm welcome to China, and both leaders affirmed their shared commitment to building a consistent, long-term, and strategic partnership that will benefit both countries. T...",0,0,0,0,2,0
https://www.gov.uk/government/news/pm-announces-new-uk-china-action-to-end-the-illegal-wildlife-trade,PM announces new UK-China action to end the illegal wildlife trade,2018-02-01,"Prime Minister's Office, 10 Downing Street",www.gov.uk,7,"...led response shortly. As part of a global government effort to crack down on the wildlife trade, Prime Minister Theresa May  has announced a joint UK-China effort to strengthen international cooperation. Ahead of the London 2018 Illegal Wildlife Trade Conference, the two countries will pledge to share ou...",1,0,0,1,1,0
https://www.gov.uk/government/news/uk-and-china-start-global-fund-to-tackle-drug-resistant-infections,UK and China start global fund to tackle drug resistant infections,2015-10-23,"Department of Health and Social Care, Prime Minister's Office, 10 Downing Street",www.gov.uk,2,The UK and China will establish the Global Antimicrobial resistance ( AMR ) Research Innovation Fund and encourage further investment from other  governments and the...,0,0,0,0,1,0
https://www.gov.uk/government/speeches/g20-summit-china-prime-ministers-press-conference-5-september-2016,"G20 Summit, China: Prime Minister's press conference – 5 September 2016",2016-09-05,"Prime Minister's Office, 10 Downing Street, Department for International Trade, Department for Exiting the European Union",www.gov.uk,9,"...ay in the world, whether it is increasing the prosperity of our citizens or tackling the issues that threaten our security. This is my first visit to China and I would like to thank the Chinese government and the people of Hangzhou for welcoming us here and for hosting a magnificent summit in this city....",1,2,0,0,6,0
https://www.gov.uk/government/speeches/chinese-new-year-2015-reception-prime-ministers-speech,Chinese New Year 2015 reception: Prime Minister's speech,2015-02-24,"Prime Minister's Office, 10 Downing Street",www.gov.uk,27,"...this sponsorship deal between the Philharmonia Orchestra and the Chinese Baijiu producer Wuliangye which is going to see music produced right across China. When we celebrate Chinese New Year, as we do every year in Number 10 Downing Street, remember what we’re celebrating. PM gives speech at Chinese New...",0,0,0,1,0,0
https://www.gov.uk/government/news/pm-call-with-president-xi-on-19-april-2018,PM call with President Xi on 19 April 2018,2018-04-19,"Prime Minister's Office, 10 Downing Street",www.gov.uk,5,"A Downing Street spokesperson said: The Prime Minister called President Xi of China earlier today. They agreed the Prime Minister’s visit to China in January had been a great success, reinvigorating our commitment to a “Golden Era” o...",0,0,0,0,1,0
https://www.gov.uk/government/news/press-briefing-afternoon-3-december-2013,Press briefing: afternoon 3 December 2013,2013-12-03,"Prime Minister's Office, 10 Downing Street",www.gov.uk,2,"Trade with China Asked about the EU commission’s response to a trade deal with China, the PMS said it was about jobs and growth. The Prime Minister ( PM ) had spoken...",0,0,0,0,0,0
https://www.gov.uk/government/speeches/pm-speech-in-beijing-1-february-2018,PM speech in Beijing: 1 February 2018,2018-02-01,"Prime Minister's Office, 10 Downing Street",www.gov.uk,10,"...comments about how great it is to see so many people here, both of the business delegation that I have brought over with me, but also friends here in China, who are doing so much to help to build this golden era of UK-China relations and see the links between the two countries developing and being enhanc...",0,0,0,0,0,0
https://www.gov.uk/government/news/pms-chinese-new-year-message,PM's Chinese New Year message,2012-01-23,"Prime Minister's Office, 10 Downing Street",www.gov.uk,13,"...lebrating it around the world: Mr Cameron said: I want to send my very best wishes to everyone celebrating the Chinese New Year - here in Britain, in China and all around the world.‬‪ This is a very special year for Britain and China. Britain was the first Western country to recognise the People’s Republ...",0,0,0,0,0,0
https://www.gov.uk/government/news/pm-call-with-president-xi-jinping-29-october-2021,PM call with President Xi Jinping: 29 October 2021,2021-10-29,"Prime Minister's Office, 10 Downing Street",www.gov.uk,2,"The Prime Minister spoke to China’s President Xi Jinping this morning in an extensive conversation. They discussed a range of issues, including action to address the climate crisis ah...",1,0,0,0,2,0
https://www.gov.uk/government/news/pm-meets-with-chinese-state-councillor-dai-bingguo,PM meets with Chinese State Councillor Dai Bingguo,2011-09-27,"Prime Minister's Office, 10 Downing Street",www.gov.uk,9,"...r Cameron said: Well, it’s a great pleasure to welcome State Councillor Dai to Number 10 Downing Street. I think the relationship between Britain and China is at a period of great strength. We are partners for growth.  We both want to see the complementary strengths of our economies grow together and the...",0,0,0,0,0,0
https://www.gov.uk/government/news/pm-and-chinese-presidents-visit-to-the-northern-powerhouse-unlocks-investment,PM and Chinese President's visit to the Northern Powerhouse unlocks investment,2015-10-22,"Prime Minister's Office, 10 Downing Street, Department for Business, Innovation & Skills, Department for Digital, Culture, Media & Sport (2017 to 2023), Department for Transport, HM Treasury, UK Trade & Investment",www.gov.uk,15,"...and the far east Chinese construction group announces multi-million investment in regeneration The north of England will forge new partnerships with China and unlock the potential of the Northern Powerhouse, the Prime Minister will announce today. The announcement comes as the Prime Minister and Chinese...",0,0,0,0,1,0
https://www.gov.uk/government/news/number-10-press-briefing-morning-from-8-november-2010,Press briefing: morning 8 November 2010,2010-11-08,"Prime Minister's Office, 10 Downing Street",www.gov.uk,2,"...s could begin to be drawn out next year rather than 2012, the PMS said that that had come with the caveat of conditions on the ground being suitable. China Asked what the Prime Minister was hoping to achieve in China, the PMS replied that the key aims included securing improved business links and a serie...",0,0,0,1,0,0
https://www.gov.uk/government/news/press-briefing-morning-2-december-2013,Press briefing: morning 2 December 2013,2013-12-02,"Prime Minister's Office, 10 Downing Street",www.gov.uk,3,"China trip Asked about the delegation accompanying the Prime Minister ( PM ) to China, the PMS said the list of delegates was drawn up by UK Trade & Invest...",0,0,0,0,0,0
https://www.gov.uk/government/news/number-10-press-briefing-morning-for-27-june-2011,Number 10 Press Briefing - Morning For 27 June 2011,2011-06-27,"Prime Minister's Office, 10 Downing Street",www.gov.uk,3,China Asked about details of the business deals being signed by the UK and China and would the Prime Minister be raising the issue of human rights with the...,0,0,0,0,1,0
https://www.gov.uk/government/speeches/david-cameron-and-li-keqiang-press-conference-june-2014,David Cameron and Li Keqiang press conference: June 2014,2014-06-17,"Prime Minister's Office, 10 Downing Street",www.gov.uk,76,"David Cameron Good afternoon, and welcome.  I’m delighted to welcome Premier Li to London for the UK-China Summit, and for his first visit since taking office.  I’m pleased to be able to return the hospitality and the warm welcome that Premier Li gave to m...",4,0,0,2,24,0
https://www.gov.uk/government/news/jdcom-commits-2-billion-to-bring-uk-products-to-chinese-consumers,JD.com commits £2 billion to bring UK products to Chinese consumers,2018-02-01,"Prime Minister's Office, 10 Downing Street, Department for International Trade",www.gov.uk,12,"From luxury British couture and tea, to chocolate, beauty products, home appliances and other items, UK products have gained popularity in China in recent years. To meet this growing demand,JD.com, China’s largest retailer, has announced plans to sell £2 billion of UK goods to Chinese consumer...",0,0,0,0,0,0
https://www.gov.uk/government/news/number-10-press-briefing-afternoon-for-27-june-2011,Number 10 Press Briefing - Afternoon For 27 June 2011,2011-06-27,"Prime Minister's Office, 10 Downing Street",www.gov.uk,3,"China Asked if the PM had raised any specific human rights cases with Premier Wen, the PMS said we had set out areas of concern, but said that he wouldn’t...",0,0,0,1,0,0
https://www.gov.uk/government/news/number-10-press-briefing-morning-from-14-july-2010,Number 10 Press Briefing - Morning From 14 July 2010,2010-07-14,"Prime Minister's Office, 10 Downing Street",www.gov.uk,3,"Foreign Secretary’s Trip to China Asked if the Foreign Secretary would raise the issue of China trading with Iran during his trip, the Prime Minister’s Spokesman (PMS) said that the f...",0,0,0,0,0,0
https://www.gov.uk/government/news/press-briefing-morning-3-december-2013,Press briefing: morning 3 December 2013,2013-12-03,"Prime Minister's Office, 10 Downing Street",www.gov.uk,4,"...Asked about the PM ’s position on toll roads, the PMS said the PM had expressed his view on toll roads in a recent Prime Minister’s Questions (PMQs). China Asked whether the PM was concerned that a Chinese newspaper had criticised the UK ’s place in the world, the PMS said the PM had met with senior Chin...",0,0,0,0,0,0
https://www.gov.uk/government/speeches/pm-speech-at-wuhan-university-31-january-2018,PM speech at Wuhan University: 31 January 2018,2018-02-01,"Prime Minister's Office, 10 Downing Street",www.gov.uk,14,"Thank you very much everybody.  And I’m very pleased to be able to be here today at Wuhan University on this, my first official financial visit to China.  And as we build our golden era of UK-China relations, what we do between us as two peoples is so very important as a fundamental of that golden era...",0,0,0,0,2,0
https://www.gov.uk/government/news/press-briefing-morning-16-june-2014,Press briefing: morning 16 June 2014,2014-06-17,"Prime Minister's Office, 10 Downing Street",www.gov.uk,3,"Tibet Asked about the government’s stance on Tibet, the PMS said the government respects China’s sovereignty and that the position remained unchanged. UK-China summit Asked about what would be discussed at the summit, the PMS said while we coul...",0,0,0,0,0,0
https://www.gov.uk/government/speeches/joint-press-conference-david-cameron-and-president-xi-jinping,Joint press conference: David Cameron and President Xi Jinping,2015-10-21,"Prime Minister's Office, 10 Downing Street, Department for Business, Innovation & Skills, Department of Energy & Climate Change, HM Treasury, UK Trade & Investment",www.gov.uk,46,"...nce. Prime Minister Good afternoon and welcome. It’s an honour to welcome President Xi to Downing Street. This state visit, in which the President of China is spending almost a week here in Britain , marks a key moment in the relationship between our 2 countries.  It’s founded on a basic belief, which Pr...",0,0,3,0,21,0
https://www.gov.uk/government/speeches/pm-business-forum-speech-in-shanghai-2-february-2018,PM Business Forum speech in Shanghai: 2 February 2018,2018-02-02,"Prime Minister's Office, 10 Downing Street",www.gov.uk,27,"...r two countries, but it’s important to recognise that it isn’t just about governments. It’s about businesses. About people. About bringing the UK and China closer together so that we can all share in the benefits of growth. We meet today at a crucial time in the history and future of both our countries....",1,1,0,0,5,0
https://www.gov.uk/government/news/prime-ministers-speech-to-chinese-new-year-reception-2013,Prime Minister's speech to Chinese New Year reception 2013,2013-02-13,"Prime Minister's Office, 10 Downing Street",www.gov.uk,17,"...eption at Downing Street on Tuesday 12 February, the Prime Minister David Cameron said: There’s a very deep and rich relationship between Britain and China, and it’s that relationship that we are celebrating tonight. Of course we’re also celebrating the Year of the Snake. I’m very proud of the fact that...",0,0,0,0,0,0
https://www.gov.uk/government/news/pm-meeting-with-president-xi-1-february-2018,PM meeting with President Xi: 1 February 2018,2018-02-01,"Prime Minister's Office, 10 Downing Street",www.gov.uk,6,"A Downing Street spokesperson said: Prime Minister Theresa May today met with President Xi during her three-day official visit to China. President Xi said that, step by step, China and the UK had elevated our relationship and he looked forward to further building on its success. The P...",0,0,0,0,1,0
https://www.gov.uk/government/news/prime-minister-and-chinese-president-hold-bilateral-talks-at-chequers,Prime Minister and Chinese President hold bilateral talks at Chequers,2015-10-22,"Prime Minister's Office, 10 Downing Street",www.gov.uk,7,"...d how to cooperate on these, the Prime Minister and the Chinese President held bilateral talks today at Chequers. The Prime Minister said: The UK and China have a clear shared interest in global peace, stability, and prosperity. We agreed on the importance of strong international institutions in a rules-...",2,0,0,0,3,0
https://www.gov.uk/government/news/pm-announces-significant-changes-to-visitor-visas-for-chinese-tourists-for-the-benefit-of-the-british-economy,PM announces significant changes to visitor visas for Chinese tourists for the benefit of the British economy,2015-10-20,"Prime Minister's Office, 10 Downing Street, Foreign & Commonwealth Office, Home Office, UK Visas and Immigration",www.gov.uk,32,"...fingerprinting service to be extended to an additional 50 cities to make it easier to apply for a visa Part of government’s ambition to strengthen UK-China relations for the benefit of the whole of Britain From January, new visitor visas for tourists from the People’s Republic of China will be valid in t...",0,0,0,0,0,0
https://www.gov.uk/government/news/chinese-new-year-2017-theresa-mays-message,Chinese New Year 2017: Theresa May's message,2017-01-26,"Prime Minister's Office, 10 Downing Street",www.gov.uk,10,"Prime Minister’s Chinese New Year message The Prime Minister said: I want to send my best wishes to everyone in Britain, China and around the world celebrating Chinese New Year. From the fairs in Beijing, to the fireworks in Hong Kong and the parades here in London, families...",0,0,0,0,0,0
https://www.gov.uk/government/news/press-briefing-morning-15-october-2013,Press briefing: morning 15 October 2013,2013-10-16,"Prime Minister's Office, 10 Downing Street",www.gov.uk,3,"...very important and showed the need for rigorous inspection regimes. There were reforms in place to drive up standards, which we must continue to do. China Asked how involved the PM was in the recent deals announced with China, the PMS said that the PM took a close and active interest in the steps taken...",3,0,0,0,0,0
https://www.gov.uk/government/news/prime-minister-celebrates-great-british-theatre-in-shanghai,Prime Minister celebrates Great British theatre in Shanghai,2026-01-31,"Prime Minister's Office, 10 Downing Street, Department for Culture, Media and Sport",www.gov.uk,17,The Prime Minister has today visited the Design Innovation Institute in Shanghai to mark the growing impact of British theatre in China – boosting growth and supporting jobs at home. Alongside actress Rosamund Pike and representatives from the National Theatre and Royal Shakespeare Co...,0,0,0,0,1,0
https://www.gov.uk/government/news/press-briefing-afternoon-16-june-2014,Press briefing: afternoon 16 June 2014,2014-06-15,"Prime Minister's Office, 10 Downing Street",www.gov.uk,1,China visit The Prime Minister’s Spokesperson ( PMS ) advised that further details on Premier Li’s visit would be available the next day. He also listed th...,1,0,0,0,0,0
https://www.gov.uk/government/news/press-briefing-morning-17-june-2014,Press briefing: morning 17 June 2014,2014-06-18,"Prime Minister's Office, 10 Downing Street",www.gov.uk,2,China visit The PMS answered several questions on the logistics of Premier Li’s visit. He advised that further details on which documents would be signed w...,0,0,0,0,0,0
https://www.gov.uk/government/news/press-briefing-morning-21-october-2013,Press briefing: morning 21 October 2013,2013-10-22,"Prime Minister's Office, 10 Downing Street",www.gov.uk,2,"China Asked why the Transport Secretary was in China, the PMS said that he was visiting as part of the government’s agenda to strengthen trade links. Energ...",0,0,0,0,1,0
https://www.gov.uk/government/speeches/prime-ministers-speech-in-china-31-january-2018,Prime Minister's press conference with Premier Li: 31 January 2018,2018-01-31,"Prime Minister's Office, 10 Downing Street",www.gov.uk,60,"...e Prime Minister Theresa May, ladies and gentlemen.  On this occasion I want to once again warmly welcome Prime Minister May on her official visit to China. We just co-chaired the Prime Minister’s annual meeting.  During our meeting, we had an in-depth discussion in a wide range of issues: China-UK trade...",1,0,2,0,19,1
https://www.gov.uk/government/news/press-briefing-morning-11-november-2013,Press briefing: morning 11 November 2013,2013-11-13,"Prime Minister's Office, 10 Downing Street",www.gov.uk,2,"China visit Asked whether the Prime Minister ( PM ) was going to China, the PMS said the PM was invited to Beijing at the G20 summit  and was exploring whe...",0,0,0,0,0,0
https://www.gov.uk/government/news/pm-meeting-with-chinese-state-councillor-yang-jiechi-20-december-2016,PM meeting with Chinese State Councillor Yang Jiechi: 20 December 2016,2016-12-20,"Prime Minister's Office, 10 Downing Street",www.gov.uk,2,"...k to tackle global challenges such as climate change. They also touched on foreign policy issues, including Afghanistan, where they agreed the UK and China should pursue enhanced co-operation in support of Afghan reconstruction.",0,0,0,0,2,0
https://www.gov.uk/government/news/pm-uk-should-become-the-global-leader-in-free-trade,PM: UK should become the global leader in free trade,2016-09-04,"Prime Minister's Office, 10 Downing Street, Department for International Trade, Department for Exiting the European Union",www.gov.uk,2,The Prime Minister will set out her ambition for the UK to become the global leader in free trade when she attends her first G20 Summit in China today. The Prime Minister intends to use the summit to robustly champion free trade while underlining the need to do more to spread the benefits and...,0,1,0,0,1,0
https://www.gov.uk/government/news/pms-message-for-chinese-new-year,PM's message for Chinese New Year,2011-02-03,"Prime Minister's Office, 10 Downing Street",www.gov.uk,3,"...f “hard work, enterprise and community”. These are values we need to create a strong economy and a strong society. The PM said the United Kingdom and China were “partners in growth” with more investment and economic development between the two countries creating new deals and new jobs.",0,0,0,0,0,0
https://www.gov.uk/government/speeches/g20-summit-pm-commons-statement-7-september-2016,G20 Summit: PM Commons statement – 7 September 2016,2016-09-07,"Prime Minister's Office, 10 Downing Street, Department for International Trade, Department for Exiting the European Union",www.gov.uk,2,"With permission, Mr Speaker, I would like to make a Statement on the G20 Summit in China. But before I turn to the G20, I would like to say something about the process of Brexit. On 23 June the British people were asked to vote on whether...",1,2,0,0,4,0
https://www.gov.uk/government/speeches/g20-summit-pm-press-conference-with-president-obama-4-september-2016,G20 Summit: PM press conference with President Obama – 4 September 2016,2016-09-04,"Prime Minister's Office, 10 Downing Street, Department for Exiting the European Union",www.gov.uk,1,...ur values and ideals behind when we take these trips.  It can cause some friction.  It’s not the first time it’s happened.  It doesn’t just happen in China.  It happens in other countries where we travel.  I think this time maybe the seams are showing a little more than usual in terms of some of the nego...,10,0,2,1,4,0
https://www.gov.uk/government/speeches/pm-boris-johnson-article-on-hong-kong-3-june-2020,PM Boris Johnson article on Hong Kong: 3 June 2020,2020-06-03,"Prime Minister's Office, 10 Downing Street",www.gov.uk,15,"...ourts. With their abilities thus released, Hong Kong’s people have shown that they can achieve almost anything. They have prospered hand in hand with China’s economic renaissance; today their home is one of the richest cities in the world and hundreds of mainland companies have chosen to list on the Hong...",5,0,0,1,0,0
https://www.gov.uk/government/news/prime-minister-david-camerons-chinese-new-year-message,Prime Minister David Cameron's Chinese New Year message,2013-02-08,"Prime Minister's Office, 10 Downing Street",www.gov.uk,16,"...d a video message to mark Chinese New Year. He said: I want to send my very best wishes to everyone celebrating the Chinese New Year - in Britain, in China and all around the world. Britain’s links with China are becoming ever stronger and ever deeper. We are on course to record our best ever year of tra...",0,0,0,0,1,0
https://www.gov.uk/government/news/pm-hosts-chinese-new-year-reception-at-downing-street,PM hosts Chinese New Year reception at Downing Street,2018-02-22,"Prime Minister's Office, 10 Downing Street",www.gov.uk,23,...hinese New Year reception at Downing Street to celebrate the enormous contribution of the Chinese community to British life and a ‘Golden Era’ for UK-China relations. On Wednesday (21 February) the Prime Minister welcomed a number of Chinese students in Britain who are involved in higher education and la...,0,0,0,0,1,0
https://www.gov.uk/government/news/chinese-new-year-2015-david-camerons-message,Chinese New Year 2015: David Cameron’s message,2015-02-19,"Prime Minister's Office, 10 Downing Street",www.gov.uk,12,"Chinese New Year The full transcript is below: It’s Chinese New Year and it can be a truly golden year for Britain and China. Our economic relationship goes from strength to strength. Since we came to office, the number of British goods bought in China has doubled. We often...",0,0,0,0,0,0
https://www.gov.uk/government/speeches/pms-chinese-new-year-speech,PM's Chinese New Year speech,2018-02-22,"Prime Minister's Office, 10 Downing Street",www.gov.uk,14,"...It’s an honour to have you here this evening to celebrate not just the start of the Year of the Dog, but also the deepening links between the UK and China. As many of you know, I have recently returned from an important trip to China, strengthening the Golden Era of relations between our countries. I ha...",0,0,0,0,0,0
https://www.gov.uk/government/news/pm-and-chancellor-meeting-with-chinese-vice-premier-hu-17-june-2019,PM and Chancellor meeting with Chinese Vice Premier Hu: 17 June 2019,2019-06-17,"Prime Minister's Office, 10 Downing Street",www.gov.uk,5,"...ay’s Economic and Financial Dialogue and the launch this morning of the London-Shanghai Stock Connect. She hoped that leading on from this the UK and China would achieve progress on market access. The Vice Premier noted the high volume of trade between UK and China, and said that the UK is China’s most i...",0,0,0,0,1,0
https://www.gov.uk/government/news/pm-call-with-chinese-president-xi-25-september-2017,PM call with President Xi: 25 September 2017,2017-09-26,"Prime Minister's Office, 10 Downing Street",www.gov.uk,5,A Downing Street Spokesperson said: The Prime Minister spoke to President Xi of China earlier today. They agreed the UK and China should continue to consolidate the “Golden Era” of bilateral relations and deepen our strategic partnersh...,0,0,0,0,3,0
https://www.gov.uk/government/news/prime-minister-the-uk-will-be-a-firm-friend-to-the-indo-pacific,Prime Minister: the UK will be a firm friend to the Indo-Pacific,2022-11-15,"Prime Minister's Office, 10 Downing Street",www.gov.uk,10,"...ndia, Australia and Indonesia as well as President Biden PM will also meet Chinese President Xi to underline the need for a frank and constructive UK-China relationship The Prime Minister will emphasise the importance of the Indo-Pacific region to global security and prosperity as he continues to hold ta...",1,1,0,8,12,0
https://www.gov.uk/government/news/pm-announces-major-defence-investment-in-launch-of-integrated-review-refresh,PM announces major defence investment in launch of Integrated Review Refresh,2023-03-13,"Prime Minister's Office, 10 Downing Street, Ministry of Defence, Foreign, Commonwealth & Development Office",www.gov.uk,9,"UK launches 2023 Integrated Review Refresh to respond to growing global volatility IR23 sets out how UK will tackle new threats from Russia and China, protect our economy and compete at the cutting edge of technology PM confirms £5 billion investment in defence and new long-term military spending a...",9,5,3,11,1,0
https://www.gov.uk/government/speeches/pm-speech-at-lady-mayors-banquet-1-december-2025,PM speech at Lady Mayor's Banquet: 1 December 2025,2025-12-02,"Prime Minister's Office, 10 Downing Street",www.gov.uk,17,"...s, to lead and secure our national interests. And My Lady Mayor, I am clear that no transformation today carries greater consequence than the rise of China. It is a nation of immense scale, ambition and ingenuity. A defining force in technology, in trade and global governance. So our response will not be...",4,1,2,4,3,0
https://www.gov.uk/government/news/pm-meeting-with-chinese-premier-li-qiang-30th-jan-2026,PM meeting with Chinese Premier Li Qiang: 30 January 2026,2026-01-30,"Prime Minister's Office, 10 Downing Street",www.gov.uk,4,"The Prime Minister met the Chinese Premier Li Qiang in Beijing today. They recognised the significant progress made in UK-China relations, including the first meeting of the Economic and Financial Dialogue in over five years, and the Joint Economic and Trade Commission. The Pr...",1,0,0,0,1,1
https://www.gov.uk/government/news/pm-statement-on-new-general-secretary-of-chinese-communist-party,PM statement on new General Secretary of Chinese Communist Party,2012-11-15,"Prime Minister's Office, 10 Downing Street",www.gov.uk,5,"..., on his appointment. Mr Cameron, said: I extend my congratulations and best wishes to the new Politburo Standing Committee of the Communist Party of China. 2012 marks the 40th anniversary of diplomatic relations between our two countries. There are many things we can and need to do together as countries...",0,0,0,0,2,0
https://www.gov.uk/government/news/pm-welcomes-chinese-vice-premier-to-number-10,PM welcomes Chinese Vice-Premier to Number 10,2011-01-10,"Prime Minister's Office, 10 Downing Street",www.gov.uk,4,...r agreements included cooperation in the protection of and research into Giant Pandas between the Royal Zoological Society of Scotland (RZSS) and the China Wildlife Conservation Association (CWCA) which will see the loan of a pair of giant pandas to Edinburgh Zoo. Read more: Deputy PM welcomes £2.6bn agr...,0,0,0,0,1,0
https://www.gov.uk/government/news/prime-minister-to-drive-forward-uk-growth-as-he-meets-worlds-leading-economic-powers-at-g20,Prime Minister to drive forward UK growth as he meets world's leading economic powers at G20,2024-11-18,"Prime Minister's Office, 10 Downing Street",www.gov.uk,4,"...e Minister will strengthen the UK’s ties with major global economies in Brazil this week to drive growth at home He will meet President Xi Jinping of China for the first time as government seeks sensible and pragmatic engagement rooted in the UK’s national interests PM to mark 1,000 days since Russia’s b...",0,0,0,0,2,3
https://www.gov.uk/government/news/new-uk-sanctions-to-crack-down-on-putins-war-machine,New UK sanctions to crack down on Putin's war machine,2024-06-13,"Prime Minister's Office, 10 Downing Street, Foreign, Commonwealth & Development Office",www.gov.uk,6,"...se new sanctions also target suppliers of munitions, machine tools, microelectronics, and logistics to Russia’s military, including entities based in China, Israel, Kyrgyzstan and Türkiye, along with ships which transport military goods from North Korea to Russia. In addition, this new package cracks dow...",0,0,0,4,0,0
https://www.gov.uk/government/news/pm-calls-for-different-approach-to-doha-trade-talks,PM calls for different approach to Doha trade talks,2010-06-27,"Prime Minister's Office, 10 Downing Street",www.gov.uk,3,"...Summit Declaration During the summit, Mr Cameron also held talks with a number of his counterparts, including President Obama, President Hu Jintao of China and Prime Minister Manmohan Singh of India. The PM and President Hu agreed on their shared desire to boost trade between the UK and China, and Mr Cam...",0,0,0,0,0,0
https://www.gov.uk/government/news/pm-call-with-prime-minister-turnbull-of-australia-5-february-2018,PM call with Prime Minister Turnbull of Australia: 5 February 2018,2018-02-05,"Prime Minister's Office, 10 Downing Street",www.gov.uk,2,"...e UK and Australia, and expressed their wish for this to continue to develop after the UK’s exit from the EU. They discussed Mrs May’s recent trip to China, including the importance of China supporting the rules based international system. They also covered their shared interest in stability in the regio...",0,0,0,0,1,0
https://www.gov.uk/government/news/g7-leaders-statement-6-december-2023,G7 Leaders' Statement: 6 December 2023,2023-12-06,"Prime Minister's Office, 10 Downing Street",www.gov.uk,20,"...irming the G7 Hiroshima Leaders’ Communique, we stand together as G7 partners on the following elements, which underpin our respective relations with China: We stand prepared to build constructive and stable relations with China, recognising the importance of engaging candidly with and expressing our con...",16,11,0,12,15,0
https://www.gov.uk/government/news/troops-on-parade-as-uk-welcomes-china-with-spectacular-ceremony,Troops on parade as UK welcomes China with spectacular ceremony,2015-10-20,Ministry of Defence,www.gov.uk,6,"Hundreds of members of the Armed Forces turned out for a spectacular ceremonial welcome to the UK for the President of the People’s Republic of China today (20 October 2015). More than 1,100 soldiers and 230 horses joined Her Majesty The Queen, Their Royal Highnesses The Duke of Edinburgh and The D...",0,0,0,5,0,0
https://www.gov.uk/government/publications/multi-domain-integration-research,Multi-Domain Integration research,2022-01-20,Ministry of Defence,www.gov.uk,2,"Multi-Domain Integration in Defence: Conceptual Approaches and Lessons from Russia, China, Iran and North Korea is a short study, led by RAND Europe on behalf of the Global Strategic Partnership ( GSP ). It aims to review existing literatu...",0,0,0,3,1,0
https://www.gov.uk/government/publications/nuclear-test-medal-eligibility-criteria,Nuclear Test Medal - Eligibility Criteria,2025-11-10,Ministry of Defence,www.gov.uk,1,"...(1962). (3) All UK Service and civilian personnel who deployed from the UK on operations to monitor atmospheric nuclear tests conducted by France and China (to 1974 and 1980 respectively). (4) Foreign nationals who served at the locations where the UK atmospheric nuclear tests were conducted, including t...",0,0,0,1,0,0
https://www.gov.uk/government/news/world-war-one-durham-light-infantry-soldier-finally-given-military-burial-a-century-after-his-death,World war one Durham light infantry soldier finally given military burial a century after his death,2018-03-14,"Ministry of Defence, Veterans UK",www.gov.uk,2,"...and today (Wednesday 14 March) he was given a ceremonial burial with full military honours at the Commonwealth War Graves Commission ( CWGC ) Perth (China Wall) Cemetery in Belgium. Riflemen from the 3rd Battalion, the Rifles, prepare to lower the coffin of Private Edmundson, Crown Copyright, All rights...",0,0,0,5,0,0
https://www.gov.uk/guidance/medals-campaigns-descriptions-and-eligibility,"Medals: campaigns, descriptions and eligibility",2025-03-19,Ministry of Defence,www.gov.uk,2,"...ces. Pacific Star: Malaya, Singapore and the Pacific Ocean The Pacific Star The Pacific Star is awarded for operational service in Malaya, Singapore, China, Hong Kong or Sumatra between 8 December 1941 and 2 September 1945. To apply for the Pacific Star , you must have: one day of operational service in...",16,0,0,43,0,0
https://www.gov.uk/government/publications/regional-survey-south-asia-out-to-2040,Regional Survey – South Asia out to 2040,2013-01-15,Ministry of Defence,www.gov.uk,1,"...national context could look like. It considers how future global military and economic developments are likely to be steered by the continued rise of China, but also, as we move closer to 2040, increasingly by India. Who should read this publication This older publication (released in 2012) is available...",0,0,0,1,0,0
https://www.gov.uk/guidance/covid-support-force-the-mods-contribution-to-the-coronavirus-response,COVID Support Force: the MOD’s contribution to the coronavirus response,2020-06-12,Ministry of Defence,www.gov.uk,1,"...ping with the distribution of PPE at Cardiff Airport. So far, they have helped to unload 660,000 fluid resistant gowns, which have been flown in from China and Cambodia. They remain on standby to assist with further deliveries as and when needed. A soldier from 3 Royal Welsh prepares to load PPE into lor...",0,0,4,51,5,0
https://www.gov.uk/government/speeches/gen-jim-hockenhull-dsei-2023-keynote-sharpening-defences-edge,"General Sir Jim Hockenhull, Strategic Command DSEI 2023 Keynote",2023-09-13,"Strategic Command, Ministry of Defence",www.gov.uk,2,"...range of locations. And we see democracy challenged, especially in West and Central Africa where there have been eight coups in the last three years. China poses a systemic challenge to the United Kingdom in a variety of ways, including through its activities in the South China Sea. It is essential that...",3,0,12,39,8,0
https://www.gov.uk/government/speeches/lord-mayors-defence-and-security-speech-thursday-10-june-2021,Lord Mayor’s Defence and Security Speech - Thursday 10 June 2021,2021-06-22,Ministry of Defence,www.gov.uk,20,"...e notion of self-sufficiency; it’s called ‘strategic autonomy’ in Paris today, and until recently America First, and the further east you go, Made in China 25. Just as our daily lives, tactical time has slowed down; strategic time seems to have accelerated.  We’ve all been through a digital bootcamp and...",9,2,4,11,2,0
https://www.gov.uk/government/news/former-armed-forces-personnel-training-foreign-militaries-could-be-prosecuted-under-national-security-act,Former Armed Forces personnel training foreign militaries could be prosecuted under National Security Act,2023-09-17,Ministry of Defence,www.gov.uk,4,"...recent years we’ve seen attempts to harm our people, damage our economy and undermine our democracy. We’ve also seen attempts from countries such as China to solicit national secrets from former Armed Forces personnel. This new Act provides our world class law enforcement and intelligence agencies with...",10,0,3,9,1,0
https://www.gov.uk/government/news/date-announced-for-red-arrows-american-tour,Date announced for Red Arrows American tour,2019-01-23,Ministry of Defence,www.gov.uk,2,"...investment. 
It is only right that, after more than a decade away, they return to the home of our closest defence ally. Previous tours, which include China, Greece, Jordan, Saudi Arabia, Kuwait, Qatar, Oman, Pakistan and Bahrain, have led to the UK gaining as much as ten times in sales and investments as...",0,0,0,2,1,0
https://www.gov.uk/government/speeches/chief-of-defence-staff-at-rusi-annual-lecture,Chief of Defence Staff speech RUSI Annual lecture,2020-12-17,Ministry of Defence,www.gov.uk,19,...ers to gravitate to your ideological sphere of influence. What we have also seen more clearly is the evolving Digital Great Game that is playing out. China’s Digital Silk Road will probably be the most influential element of the Belt and Road Initiative. The online financial newspaper Nikkei Asia observe...,13,0,23,45,4,0
https://www.gov.uk/government/news/graves-of-2-north-west-soldiers-killed-in-the-great-war-rededicated-a-century-later,Graves of 2 north west soldiers killed in the great war rededicated a century later,2018-07-03,"Ministry of Defence, Veterans UK",www.gov.uk,3,"...vices took place today, Tuesday 3 July, at the Commonwealth War Graves Commission ( CWGC ) Serre Road Cemetery No. 3 on the Somme and Perth Cemetery (China Wall) near Ypres respectively. Five great nephews of Lieutenant Charles Stonehouse who attended today’s ceremony in France, Crown Copyright, All righ...",0,0,0,1,0,0
https://www.gov.uk/government/news/uk-and-us-reaffirm-defence-ties-ahead-of-natos-70th-anniversary,UK and US reaffirm defence ties ahead of NATO’s 70th Anniversary,2019-09-06,Ministry of Defence,www.gov.uk,2,...Estonia. Both parties also spoke of their desire to jointly tackle global threats such as the re-emergence of great power competition with Russia and China as well as traditional threats such as religious extremism. Both parties were also keen to raise further cooperation in conventional spaces such cybe...,1,0,1,7,2,0
https://www.gov.uk/government/news/we-were-there-black-history-month,We Were There: Black History Month,2013-10-01,"Ministry of Defence, Imperial War Museum",www.gov.uk,2,"...the Punjab and other parts of northern India. Not all service was in the home country; between 1860 and 1914, for example, Indian regiments served in China (1860), Abyssinia (1868) and Somaliland (1903). West Indian members of the Bombay Squadron who took part in Fighter Command sorties over enemy-occupi...",1,0,0,3,0,0
https://www.gov.uk/government/news/two-unknown-soldiers-of-the-great-war-honoured-for-their-sacrifice,Two unknown soldiers of the Great War honoured for their sacrifice,2021-10-28,"Ministry of Defence, Veterans UK",www.gov.uk,2,"...rs who lost their lives during World War One was held on Tuesday 26 October  2021, at the Commonwealth War Graves Commission’s (CWGC) Perth Cemetery (China Wall) near Ypres, Belgium. The service was organised by the MOD’s Joint Casualty and Compassionate Centre (JCCC) Commemorations Team, also known as t...",0,0,0,2,0,0
https://www.gov.uk/government/speeches/iiss-global-partnerships-event-2018,IISS Global Partnerships event 2018,2018-11-29,Ministry of Defence,www.gov.uk,9,"...up with credible, hard power if required.  And the way we can proactively contribute to regional maritime security is clearly one component of that. China In any assessment of the Indo-Pacific region, the growing role and influence of China will play a major part.  China is the most populous country in...",0,0,0,17,6,0
https://www.gov.uk/government/news/uk-conducts-un-sanctions-enforcement-to-counter-north-koreas-weapons-programmes,UK conducts UN sanctions enforcement to counter North Korea's weapons programmes,2021-09-26,Ministry of Defence,www.gov.uk,2,HMS Richmond recently conducted operations in the East China Sea to support United Nations sanctions efforts targeted against the Democratic Republic of Korea’s (DPRK) Weapons of Mass Destruction and ballistic...,1,0,0,4,0,0
https://www.gov.uk/government/speeches/foreign-secretary-statement-to-parliament-on-the-integrated-review-refresh-2023,Integrated Review Refresh 2023: Foreign Secretary's statement to Parliament,2023-03-13,"Prime Minister's Office, 10 Downing Street, Foreign, Commonwealth & Development Office, Ministry of Defence",www.gov.uk,7,...o the international order is contained. The 2023 Integrated Review Refresh also sets out how the government will approach the challenges presented by China. China’s size and significance connect it to almost every global issue. But we cannot be blind to the increasingly aggressive military and economic b...,5,1,4,11,3,1
https://www.gov.uk/government/speeches/chief-of-the-defence-staff-ash-carter-exchange-speech,Chief of the Defence Staff Ash Carter Exchange Speech,2024-05-08,Ministry of Defence,www.gov.uk,5,"...he region. and we’ve also seen a corresponding wave of division and protest across the world. Meanwhile, North Korea remains as belligerent as ever.  China’s posture is becoming even more assertive: last week it was the turn of the Philippines to be on the receiving end. Elsewhere, Venezuela has renewed...",5,1,0,13,5,0
https://www.gov.uk/government/speeches/the-shangri-la-dialogue-advancing-military-to-military-cooperation,"The Shangri-La dialogue, advancing military-to-military cooperation",2014-06-03,Ministry of Defence,www.gov.uk,8,"...balance of military power too. Challenges of military modernisation Significant military modernisation is taking place across the region, not just in China, although the substantial and continued growth in the Chinese Defence budget and the significant development in the capabilities of the PLA is, perha...",5,0,0,50,9,0
https://www.gov.uk/government/news/defence-secretary-ben-wallace-address-at-20th-iiss-shangri-la-dialogue-singapore,"Defence Secretary Ben Wallace address at 20th IISS Shangri-La Dialogue, Singapore",2023-06-03,Ministry of Defence,www.gov.uk,5,"...opportunities here, so must we also share  responsibility for the challenges. And in both regards, none are bigger than the “epoch defining” rise of China – as it was described in our Integrated Review Refresh. We are all now navigating the consequences of China’s rise – both those opportunities and tho...",1,1,0,25,4,0
https://www.gov.uk/government/speeches/chief-of-the-defence-staff-rusi-lecture-2022,Chief of the Defence Staff RUSI Lecture 2022,2022-12-14,Ministry of Defence,www.gov.uk,8,"...h over 60 ballistic missile launches this year. 23 of these were on a single day. In a ‘normal year’ that would astonish the world. And then there is China. Not a threat in the same vein as Russia or Iran or North Korea. But a tacit supporter of Russia, whether at the United Nations or taking advantage o...",16,1,0,27,6,0
https://www.gov.uk/government/speeches/shangri-la-dialogue-singapores-50th-birthday,"Shangri-la Dialogue, Singapore's 50th birthday.",2015-06-01,Ministry of Defence,www.gov.uk,4,"...ation’s most precious property. And here in Asia, North Korea continues to justify its rogue state status. Sovereignty disputes in the south and east China Seas and associated efforts at land reclamation, whatever their intent, are only likely to increase regional tensions and the very real risk of misca...",6,0,1,22,5,0
https://www.gov.uk/government/news/chief-of-defence-intelligence-rusi-webinar-may-2023,Chief of Defence Intelligence RUSI webinar May 2023,2023-05-30,"Ministry of Defence, Strategic Command",www.gov.uk,4,"...l taken steps to counter Russia’s destabilising influence in Europe and support Ukraine, so the UK must be alive to the challenges being presented by China. China will compete more directly with the UK across our areas of interest and will be capable of disrupting supplies of key technologies and materia...",8,1,2,15,0,0
https://www.gov.uk/government/news/the-4th-republic-of-korea-uk-cyber-dialogue-held-in-london,The 4th Republic of Korea-UK Cyber Dialogue held in London,2024-11-07,"Foreign, Commonwealth & Development Office, Home Office, Ministry of Defence, National Cyber Security Centre, Department for Science, Innovation and Technology, Department for Business and Trade",www.gov.uk,2,...deepening relationship between DPRK and Russia more broadly. They also noted widespread credible evidence of malicious cyber activity emanating from China. They noted the need to continue engaging with countries like China to see a constructive debate aimed at making cyberspace a safer place to do busin...,5,0,25,3,9,0
https://www.gov.uk/government/news/graves-of-missing-world-war-1-soldiers-identified-in-belgium,Graves of Missing World War 1 Soldiers Identified in Belgium,2025-05-27,Ministry of Defence,www.gov.uk,2,"...oint Casualty and Compassionate Centre (JCCC), also known as the ‘War Detectives’, were held at the Commonwealth War Graves Commission’s (CWGC) Perth China Wall Cemetery in Belgium, yesterday afternoon (21 May 25) and Oosttaverne Wood Cemetery, this morning (22 May 25). The services were conducted by the...",2,0,0,1,0,0
https://www.gov.uk/government/news/red-arrows-return-to-uk-after-historic-tour,Red Arrows return to UK after historic tour,2016-12-02,Ministry of Defence,www.gov.uk,2,"...displays and flypasts and visited 17 countries – the largest tour in a decade and witnessed by millions. This included the Reds’ first ever visit to China, as well as Bangladesh, Bahrain, India, Kuwait, Malaysia, Oman, Pakistan, Singapore and the UAE. Covering around 20,000 miles, the British-built Hawk...",0,0,0,4,2,0
https://www.gov.uk/government/speeches/commander-of-strategic-command-rusi-conference-speech,Commander of Strategic Command RUSI conference speech,2021-05-26,"Ministry of Defence, Strategic Command",www.gov.uk,6,"...last few months cyberspace has been the vector for espionage. From Solarwinds, which was attributed to Russia; the Finnish parliament, attributed to China; the crippling of critical US national infrastructure through ransomware attacks and, chillingly – on the Irish health service in the midst of the pa...",8,0,12,31,3,0
https://www.gov.uk/government/news/leadsom-uk-leading-global-fight-against-illegal-wildlife-trade,Leadsom: UK leading global fight against illegal wildlife trade,2016-11-17,"Department for Environment, Food & Rural Affairs, Foreign & Commonwealth Office, Ministry of Defence, Home Office",www.gov.uk,2,...welcomed the agreement for decisive action on the black market trade threatening the world’s most endangered wild animals. And she announced a new UK-China arrangement to train African border forces to spot and tackle smugglers pedalling illegal animal products. The UK will also work with Vietnamese auth...,1,0,0,4,2,0
https://www.gov.uk/government/news/defence-secretary-speaks-at-shangri-la-dialogue,Defence Secretary speaks at Shangri-La Dialogue,2016-06-04,Ministry of Defence,www.gov.uk,3,"...this region we glimpse exciting possibilities, whether through the advance of technology or trade, with £3 trillion a year passing through the South China Sea. This is a future we want to be part of. Predicting that future is an art not a science one reason today’s topic ‘making Defence policy in uncert...",5,0,2,20,2,0
https://www.gov.uk/government/news/defence-to-invest-2bn-in-next-stage-of-uk-combat-air-system,Defence to invest £2-billion in next stage of UK combat air system,2021-03-24,Ministry of Defence,www.gov.uk,2,"...y published Integrated Review underlined, technology and the threats we are facing have moved on. In the intervening decades, the likes of Russia and China have studied our strengths in the air and begun developing the capabilities to not only counter but surpass us. If we fail to outmatch these targets...",1,0,0,6,1,0
https://www.gov.uk/government/news/mod-appeal-for-families-of-missing-or-killed-soldiers-from-the-korean-war,MOD appeal for families of missing or killed soldiers from the Korean War,2018-08-01,"Ministry of Defence, Foreign & Commonwealth Office",www.gov.uk,1,"...s part of the United Nations Command ( UNC ). The 3-year conflict between 1950 and 1953 led to the loss of hundreds of thousands of lives from Korea, China and the UNC . Family members of those missing personnel who have no known grave are asked to call the Joint Casualty and Compassionate Centre on +44...",0,0,0,1,0,0
https://www.gov.uk/government/news/uk-and-us-troops-work-together-to-train-afghan-police,UK and US troops work together to train Afghan Police,2011-03-30,Ministry of Defence,www.gov.uk,2,...previously and discovered that the then 2nd Battalion Argyll and Sutherland Highlanders and the US 4th Marine Regiment served together in Shanghai in China from 1932 to 1933. The Argylls were deployed to China as an emergency battalion to ‘protect the foreign area from internal disorder and to defend it...,1,0,0,1,2,0
https://www.gov.uk/government/speeches/london-defence-conference-2024-defence-secretary-keynote,London Defence Conference 2024 Defence Secretary keynote,2024-05-22,Ministry of Defence,www.gov.uk,4,"...adcast their very last programme in July 2012. Now, it was a time of comparative optimism and harmony. There was talk of a so-called golden era in UK-China relations. Russia was a member of the G8. Nuclear talks were ongoing with Iran that would lead to the 2015 Iran Nuclear Deal. And in London right her...",3,0,1,27,1,0
https://www.gov.uk/government/news/red-arrows-to-promote-prosperity-with-major-asia-tour,Red Arrows to promote prosperity with major Asia tour,2016-07-26,Ministry of Defence,www.gov.uk,1,"...ael Fallon has announced that the RAF’s display team will perform their world-famous aerobatics with displays and flypasts for the first time ever in China, and are due to perform in countries including India, Malaysia and Singapore. Planning is under way to finalise details of the Red Arrows deployment,...",0,0,0,4,0,0
https://www.gov.uk/government/news/hms-daring-welcomed-home-by-philippines-officials,HMS Daring welcomed home by Philippines officials,2014-02-28,Ministry of Defence,www.gov.uk,3,"...hey also treated 300 patients and delivered 21 tonnes of stores and 7,656 litres of fresh drinking water ashore . Daring was on exercise in the South China Sea when she was retasked to the Philippines. Operations officer Lieutenant Jason Hannigan said: Within minutes of receiving our tasking the plan was...",0,0,0,0,0,0
https://www.gov.uk/government/fatalities/lieutenant-paul-mervis-killed-in-afghanistan,Lieutenant Paul Mervis killed in Afghanistan,2009-06-14,Ministry of Defence,www.gov.uk,1,"Lieutenant Paul Mervis, born on 30 September 1981, grew up in London and was educated at King’s College Wimbledon. He then spent a gap year in China and Israel before going on to study philosophy at University College London. Lieutenant Paul Mervis (All rights reserved.) Summer holidays were invar...",2,0,0,2,0,0
https://www.gov.uk/government/news/grave-of-a-worcestershire-soldier-identified-in-belguim,Grave of a Worcestershire Soldier Identified  in Belgium,2023-03-22,"Ministry of Defence, Veterans UK",www.gov.uk,2,"...Compassionate Centre ( JCCC ), also known as the ‘MOD War Detectives’, was held at the Commonwealth War Graves Commission’s ( CWGC ) Perth Cemetery (China Wall), near Ypres, Belgium today (22 March ‘23). Sjt Cubberley’s then unidentified remains were buried in 2017, and among those in attendance was Ros...",0,0,0,0,0,0
https://www.gov.uk/government/news/case-study-lt-col-irena-dzisiewska,Case study: Lt Col Irena Dzisiewska,2016-09-05,Ministry of Defence,www.gov.uk,1,"...I was fortunate enough to attend the Female Peacekeeping Course before my deployment and have since returned to brief on subsequent courses in India, China and Nairobi. It was a honour to serve within the UN and I would highly recommend the experience.",0,0,0,2,0,0
https://www.gov.uk/government/news/statement-on-australia-uk-ministerial-consultations-aukmin-july-2025,Statement on Australia-UK Ministerial Consultations (AUKMIN) July 2025,2025-07-25,"Foreign, Commonwealth & Development Office, Ministry of Defence",www.gov.uk,9,"...ce the risks of miscalculation, escalation and conflict. 8 .  Ministers reiterated their strong opposition to coercive or destabilising activities by China’s Coast Guard, naval vessels and maritime militia in the South China Sea, including sideswiping, water cannoning and close manoeuvres that have resul...",12,14,7,41,49,0
https://www.gov.uk/government/news/burial-service-for-soldiers-of-the-first-world-war,Burial service for soldiers of the first world war,2018-03-12,"Ministry of Defence, Veterans UK",www.gov.uk,1,"Burial for Private Thomas Edmundson A burial service will be held on Wednesday 14 March at Perth Cemetery (China Wall), Belgium, for Private ( Pte ) Thomas Edmundson. Pte Edmundson was killed in action during the first world war while serving with the Durham Lig...",0,0,0,4,0,0
https://www.gov.uk/government/speeches/minister-for-defence-procurements-speech-at-the-rusi-combat-air-power-conference,Minister for Defence Procurement's speech at the RUSI Combat Air Power Conference,2021-03-24,Ministry of Defence,www.gov.uk,3,"...y published Integrated Review underlined, technology and the threats we are facing have moved on. In the intervening decades, the likes of Russia and China have studied our strengths in the air and begun developing the capabilities to not only counter but surpass us. So, we’ve witnessed Russia deploy adv...",5,0,3,1,3,0
https://www.gov.uk/government/speeches/defending-britain-from-a-more-dangerous-world,Defending Britain from a more dangerous world,2024-01-15,Ministry of Defence,www.gov.uk,5,"...nexation of Crimea in 2014, Putin launched his brutal invasion of Ukraine eight years later. And as Russia continues its illegal campaign in Ukraine, China is assessing whether the West loses its patience. Today, Russia and China have been joined by new nuclear, and soon to be nuclear, powers. North Kore...",6,0,8,34,6,0
https://www.gov.uk/government/news/dstl-hosts-19th-chemical-weapons-demilitarisation-conference,Dstl hosts 19th Chemical Weapons Demilitarisation Conference,2016-05-25,"Defence Science and Technology Laboratory, Ministry of Defence",www.gov.uk,1,"...nisation for the Prohibition of Chemical Weapons ( OPCW ), Ambassador Ahmet Üzümcü, and representatives from the USA, Japan, the People’s Republic of China, and several other countries. Discussions will focus on the progress made by national CWD programmes, destruction technologies, and the technical cha...",0,0,0,0,0,0
https://www.gov.uk/government/news/unknown-world-war-1-soldiers-graves-rededicated,Unknown World War 1 soldiers graves rededicated,2017-03-09,"Ministry of Defence, Veterans UK",www.gov.uk,1,"...ers who enlisted into The Lancashire Fusiliers, the New Zealand ( NZ ) Infantry and of an unknown regiment on Tuesday 7 March 2017 at Perth Cemetery (China Wall) near Ypres, Belgium. The service, organised by the MOD ’s Joint Casualty and Compassionate Centre ( JCCC ), part of Defence Business Services w...",0,0,0,3,0,0
https://www.gov.uk/government/news/welsh-secretary-aston-martin-creating-a-lasting-legacy-in-wales,Welsh Secretary: Aston Martin creating a lasting legacy in Wales,2017-04-06,"Office of the Secretary of State for Wales, Ministry of Defence",www.gov.uk,1,"...n will be the sole production facility for the new Aston Martin crossover vehicle. With growing demand for these types of vehicles in markets such as China and the United States, it is expected that over 90% of the production from St Athan will be exported outside of the United Kingdom.",0,1,0,2,1,0
https://www.gov.uk/government/news/the-royal-edinburgh-military-tattoo,The Royal Edinburgh Military Tattoo,2023-08-07,Ministry of Defence,www.gov.uk,1,"...a “festival” in its own right, with a live audience of 230,000 and a global television audience of over 1 billion viewers in 40 countries, including China, the USA, Australia, Canada and New Zealand.",0,0,0,12,0,0
https://www.gov.uk/government/news/defence-secretary-attends-asia-security-summit,Defence Secretary attends Asia Security Summit,2015-06-01,Ministry of Defence,www.gov.uk,1,"...lation, in which he explored the UK’s interests in the Asia region and underlined the UK Government’s position on key questions relating to the South China Sea. He said: “The UK has immensely strong bonds with Asia and a huge interest in the region. “The IISS Shangri-La Dialogue has provided a timely opp...",1,0,0,11,4,0
https://www.gov.uk/government/speeches/earl-of-minto-malaysia-national-security-international-seminar-speech,Earl of Minto Malaysia National Security International Seminar speech,2024-05-08,Ministry of Defence,www.gov.uk,2,"...ut having a firm grip on the bottom line, and on assets and opportunities. And reaching out to new partners - as I did particularly with suppliers in China - to forge mutually beneficial trusting partnerships, that deliver growth and prosperity for both parties. And this type of mutually beneficial coope...",2,1,2,18,13,0
https://www.gov.uk/government/news/army-helicopters-arrive-in-the-philippines,Army helicopters arrive in the Philippines,2013-11-26,"Department for International Development, Ministry of Defence",www.gov.uk,1,"...e Horn of Africa to render aid in the Philippines. They arrived today after a high speed dash of almost 6,000 miles across the Indian Ocean and South China Sea. The squadron is based in North Yorkshire, normally supporting land-based operations as part of 16 Air Assault Brigade . The detachment embarked...",0,0,0,1,0,0
https://www.gov.uk/government/news/chief-of-defence-intelligence-comments-on-threats-the-uk-will-face-in-coming-decades,Chief of Defence Intelligence comments on threats the UK will face in coming decades,2020-09-13,Ministry of Defence,www.gov.uk,1,"...aracter of warfare in ways that will challenge the West to keep pace with adversaries who do not play by the rules. Global players such as Russia and China continually challenge the existing order without prompting direct conflict, operating in the expanding grey-zone between war and peacetime. Conflict...",3,0,1,5,1,0
https://www.gov.uk/government/speeches/defence-secretary-speech-at-rusi-land-warfare-conference-2022,Defence Secretary Speech at RUSI Land Warfare Conference 2022,2022-06-29,Ministry of Defence,www.gov.uk,3,"...In 1991 the world had reason to be optimistic. The Soviet Union had collapsed, Al Qaeda was just a glimmer in the eye of a small religious cohort and China had not yet appeared on the world stage. So, it was right for the government of the day to review their defence spending and defence postures. And ye...",17,0,3,15,0,0
https://www.gov.uk/government/speeches/2012-10-02-navies-in-an-age-of-austerity,Navies in an age of austerity,2012-10-02,Ministry of Defence,www.gov.uk,3,"...it did back in 2012……a 14% increase almost everyone in Africa has a mobile phone and if 2012 predictions are still correct, then next year, in 2025, China will constitute around 30% of the world’s GDP Maritime Environment in 2024 All this has had profound consequences; culturally, economically and milit...",3,0,0,8,6,0
https://www.gov.uk/government/speeches/chief-of-the-air-staff-defence-space-strategy-speech,Chief of the Air Staff Defence Space Strategy speech,2022-02-01,Ministry of Defence,www.gov.uk,2,"...to do. Today, space is a far from benign environment, with almost daily cyber-attacks and dubious sub-threshold activity. In recent years, Russia and China have tested anti-satellite weapons creating debris fields that will linger for decades, posing threats to the satellites and the space systems on whi...",2,0,3,16,1,0
https://www.gov.uk/government/news/royal-navy-vessel-identifies-evasion-of-north-korea-sanctions,Royal Navy vessel identifies evasion of North Korea sanctions,2019-04-05,"Ministry of Defence, Foreign & Commonwealth Office",www.gov.uk,1,"Working alongside Japanese partners, HMS Montrose spotted a North Korean ship in the East China Sea, alongside a ship of unknown nationality. It is assessed that the ships were carrying out a ship-to-ship transfer, which is prohibited by United...",0,0,0,4,0,0
https://www.gov.uk/government/news/sandhurst-wins-international-competition,Sandhurst wins international competition,2013-04-24,Ministry of Defence,www.gov.uk,1,"...low officer cadets in over 56 teams from 10 countries, including the United States, Chile, South Korea, Qatar, Australia, Canada, Germany, Brazil and China. Although competition organisers gave some clues as to what was involved – physical fitness and agility, foreign weapons’ handling, navigation, rope-...",0,0,0,8,0,0
https://www.gov.uk/government/news/royal-navy-warship-heads-to-philippines,Royal Navy warship heads to Philippines,2013-11-12,"Ministry of Defence, Department for International Development",www.gov.uk,1,"The Type 45 destroyer was in the South China Sea as part of an international exercise and has now changed course to come to the aid of the stricken state where up to 800,000 people are in need o...",0,0,0,0,0,0
https://www.gov.uk/government/news/uk-defence-teams-up-with-world-leading-uk-space-company-to-secure-next-generation-of-military-communications,UK defence teams up with world leading UK space company to secure next generation of military communications,2020-07-19,Ministry of Defence,www.gov.uk,1,"...st is the latest investment in the technological safeguards that help our Armed Forces deter threats from anywhere in the world, including Russia and China. This will secure UK leadership in defensive space and cyber operations for generations to come. Defence Secretary Ben Wallace said: To safeguard our...",0,0,1,9,0,0
https://www.gov.uk/government/news/hms-chatham-destroys-pirate-boats,HMS Chatham destroys pirate boats,2010-05-18,Ministry of Defence,www.gov.uk,1,"...t sea, NATO is working closely with other partners including the EU Maritime Force and the Combined Maritime Force, as well as other navies including China, Japan, India and Russia.",0,0,0,0,0,0
https://www.gov.uk/government/news/hms-prince-of-wales-hosts-pacific-future-forum,HMS Prince of Wales hosts Pacific Future Forum,2021-10-20,Ministry of Defence,www.gov.uk,1,"...MS Prince of Wales’ Carrier’s ship, HMS Queen Elizabeth, begins leading Carrier Strike Group back through the Indo-Pacific as she navigates the South China Sea with ships and aircraft from Australia, Canada, Japan, New Zealand, and the United States. The busy period of military engagement in the Indo-Pac...",0,0,1,13,7,0
https://www.gov.uk/government/news/personnel-visit-singapore-for-international-tri-service-exercise,Personnel visit Singapore for international tri-Service exercise,2012-11-02,Ministry of Defence,www.gov.uk,1,"...s. Working alongside their FPDA colleagues, the Army, Navy and RAF officers spent nearly three weeks immersed in a fictional environment in the South China Sea, employed in both kinetic and disaster relief operations, in order to develop the know-how of their Asian counterparts. Led by Commodore Clive Wa...",1,0,1,10,0,0
https://www.gov.uk/government/news/success-for-british-teams-in-world-helicopter-championship,Success for British teams in World Helicopter Championship,2012-09-05,Ministry of Defence,www.gov.uk,1,"...The lead DHFS team was the highest-ranked team outside of Russia/Belarus, beating all military and civilian crews from Germany, Austria, Switzerland, China, Poland, France and Belgium.",0,0,0,6,1,0
https://www.gov.uk/government/speeches/defence-secretary-grant-shapps-franco-british-council-defence-conference-remarks,Defence Secretary Grant Shapps Franco-British Council Defence Conference remarks,2023-11-20,Ministry of Defence,www.gov.uk,2,"...rth Korea send suicide drones and artillery to Russia, Russia invites Hamas to the Kremlin. Meanwhile, the Kremlin has a “no limits partnership” with China. And China, in the midst of massive military and economic expansion, has a mutual defence treaty policy with North Korea. Collectively, these nations...",2,0,3,9,1,0
https://www.gov.uk/government/speeches/rusi-sea-power-conference-15-may-2019,RUSI Sea Power Conference 15 May 2019,2019-05-15,Ministry of Defence,www.gov.uk,6,"...re a power imbalance exists between bordering states, we see it most significantly. Arguably the most regularly cited example of this is in the South China Sea where, contrary to rulings in July 2016 by the independent arbitration tribunal established under UNCLOS, specifically in relation to the Chinese...",4,0,1,23,1,0
https://www.gov.uk/government/news/international-chemical-weapons-demilitarisation-conference,International Chemical Weapons Demilitarisation Conference,2015-06-04,"Defence Science and Technology Laboratory, Ministry of Defence",www.gov.uk,1,"...nisation responsible for the Chemical Weapons Convention), Ambassador Ahmet Üzümcü, and representatives from the USA, Japan, the People’s Republic of China, Germany and several other countries. Discussions will focus on the progress made by national CWD programmes, destruction technologies, and the techn...",0,0,0,4,0,0
https://www.gov.uk/government/news/military-stands-up-covid-support-force,Military stands up COVID Support Force,2020-03-19,Ministry of Defence,www.gov.uk,1,"...ernments departments or civil authorities for support during the COVID-19 pandemic. So far, the military have assisted with repatriation flights from China and Japan. They are also providing specialist military planners to Local Resilience Forums who are providing support to public services, local author...",0,0,0,16,0,0
https://www.gov.uk/government/news/carrier-strike-group-looks-forward-to-a-busy-autumn-in-indo-pacific-and-middle-east,Carrier Strike Group Looks Forward to a Busy Autumn in Indo-Pacific and Middle East,2021-10-05,Ministry of Defence,www.gov.uk,1,"...uth Korea, Thailand and Vietnam. In a further demonstration of this international deployment, over the next two weeks the CSG will navigate the South China Sea with ships and aircraft from Australia, Canada, Japan, New Zealand, and the United States. Defence Secretary, Ben Wallace said: “CSG continues to...",0,0,0,12,3,0
https://www.gov.uk/government/speeches/defence-secretary-at-atlantic-council,Defence Secretary at Atlantic Council,2018-08-08,Ministry of Defence,www.gov.uk,4,"...time we’ve witnessed increased competition between states: a terror sponsoring Iran, a nuclear armed North Korea, not forgetting to mention a rising China, and an increasingly aggressive Russia using every weapon at its disposal to advance its interests. A Russia whose use of covert operations and cyber...",3,1,4,27,5,0
https://www.gov.uk/government/news/defence-secretary-joins-aukus-partners-in-landmark-first-meeting,Defence Secretary joins AUKUS partners in landmark first meeting,2022-12-07,Ministry of Defence,www.gov.uk,1,"...Defense Lloyd Austin, the Defence Secretary welcomed the publication of the new US National Defense Strategy which provides a narrative on Russia and China which strongly aligns with the UK’s own Integrated Review. The Defence Secretary thanked Deputy Prime Minister and Defence Minister of Australia Rich...",0,0,1,17,10,0
https://www.gov.uk/government/news/hms-st-albans-to-sail-up-thames--2,HMS St Albans to sail up Thames,2012-03-15,Ministry of Defence,www.gov.uk,1,"...t Lane said: I’ve done a lot in my naval career, from going to the Far East on HMS Exeter, my first sea draft, and getting to climb the Great Wall in China, through time spent with the 1st Assault Group Royal Marines, to working on the Antarctic patrol vessel HMS Protector. I was promoted to officer in 2...",0,0,0,0,0,0
https://www.gov.uk/government/news/uk-and-poland-strengthen-foreign-policy-security-and-defence-cooperation,"UK and Poland strengthen foreign policy, security and defence cooperation",2023-07-05,"Ministry of Defence, Foreign, Commonwealth & Development Office",www.gov.uk,1,"...Minister for National Defence Mariusz Błaszczak at Lancaster House today. The partnership sets out joint priorities on issues ranging from Belarus to China, to cooperation on defence capability and operations. It builds on the 2017 UK-Poland Treaty on Defence and Security Cooperation and 3 decades of clo...",1,0,0,20,14,0
https://www.gov.uk/government/news/latest-students-graduate-from-defence-academy,Latest students graduate from Defence Academy,2011-07-29,Ministry of Defence,www.gov.uk,1,"...ries, as well as a number from the Middle East, and from other countries as far afield as South Africa, Australia, Kazakhstan, Afghanistan, Japan and China. The Commandant of the Joint Services Command and Staff College, Air Vice-Marshal Ray Lock, said: Each year the Advanced Command and Staff Course pro...",0,0,0,14,1,0
https://www.gov.uk/government/speeches/secretary-of-state-michael-fallons-speech-to-fco-leadership-conference,Secretary of State Michael Fallon's speech to FCO leadership conference,2015-07-09,Ministry of Defence,www.gov.uk,2,"...right across the Middle East. We’ve seen a resurgent Russia threatening the borders of Eastern Europe. And we’ve watched, an increasingly competitive China causing ripples in the South China Sea. These are challenges that not just undermine our global rules based system, but left unchecked threaten our n...",5,0,3,20,1,0
https://www.gov.uk/government/news/ministry-of-defence-analyses-future-global-strategic-trends,Ministry of Defence analyses future global strategic trends,2024-09-27,"Ministry of Defence, Strategic Command",www.gov.uk,1,"...: A highly uncertain future for Russia, with the outcome of its war in Ukraine and the implications of this being key to its future power and status. China will continue to use economic interdependencies, underpinned by military strength, as core means to achieve its objectives. In an age of increasing u...",0,0,0,10,1,0
https://www.gov.uk/government/news/cavalry-soldiers-count-down-to-royal-wedding-duties,Cavalry soldiers count down to royal wedding duties,2011-04-27,Ministry of Defence,www.gov.uk,1,"...l be firmly fixed on the couple, Capt Hulme knows he has bagged a plum role riding just behind the royal carriage: Anyone doing that will be on every china plate marking the royal wedding for the rest of time,” he beams. This report by Lorraine McBride appears in the May 2011 issue of Defence Focus magaz...",0,0,0,3,0,0
https://committees.parliament.uk/writtenevidence/139588/html/,,,,committees.parliament.uk,2,"...I n 2017, music from the UK accounted for about 17% of global consumption but now the UKâs share of audio streams is estimated to be under 10%. [8] China has historically sat outside of the top ten recorded music markets in the world based on revenue, but in the last few years it has entered the top fi...",2,0,0,0,2,0
https://committees.parliament.uk/writtenevidence/139682/html/,,,,committees.parliament.uk,7,"...ool. This is especially significant because whilst News content is often blocked by regimes, educational content can reach populations in places like China. As the worldâs most widely spoken international language, English is a priceless asset to the UK and the BBC. The W orld Service is often cited in...",7,0,11,4,0,0
https://committees.parliament.uk/committee/78/foreign-affairs-committee/publications/14/older-evidence/,Older evidence,2014-01-15,,committees.parliament.uk,1,...nce Get File Open PDF Opens in new window Open HTML Opens in new window Published 20 September 2013 HC 268-i Older evidence Government policy towards China - oral and written evidence Get File Open PDF Opens in new window Open HTML Opens in new window Published 29 August 2013 HC 529-i Older evidence Writ...,0,0,0,0,0,0
https://lordslibrary.parliament.uk/armed-forces-uk-future-capability-and-requirements/,Armed forces: UK future capability and requirements,2026-07-13,,lordslibrary.parliament.uk,12,".... Key points The UK faces its most challenging security environment since the Cold War, with NATO identifying Russia as the most immediate threat and China as a significant long-term strategic challenge. NATO highlights an increasingly interconnected landscape of state conflict, cyber threats, political...",27,10,36,291,8,0
https://lordslibrary.parliament.uk/using-patient-data-for-research-challenges-and-policy-developments/,Using patient data for research: Challenges and policy developments,2026-08-04,,lordslibrary.parliament.uk,1,"...ent Data, ‘ Keeping NHS data safe ’, accessed 28 July 2026. Return to text James W Kelly and Liv McMahon, ‘ UK Biobank health data listed for sale in China, government confirms ’, BBC News, 23 April 2026. Return to text UK Biobank, ‘ Oversight committee report into data security at UK Biobank published ’...",1,0,3,0,0,0
https://lordslibrary.parliament.uk/uk-government-policy-towards-china/,UK government policy towards China,2024-12-12,,lordslibrary.parliament.uk,189,Table of contents 1. Background information skip to link 1.1 Overview skip to link 1.2 UK-China trade skip to link 2. Government position and statements on China skip to link 2.1 General skip to link 2.2 Hong Kong skip to link 2.3 Taiwan skip to...,32,6,6,25,13,4
https://lordslibrary.parliament.uk/the-arctics-strategic-importance/,The Arctic’s strategic importance,2026-03-17,,lordslibrary.parliament.uk,34,Table of contents 1. Strategic importance skip to link 2. United States skip to link 3. Russia skip to link 4. China skip to link 5. Read more skip to link Approximate read time: 10 minutes The Arctic is the northernmost region of Earth. [1] Eight countries have ter...,10,2,3,23,2,0
https://lordslibrary.parliament.uk/shanghai-cooperation-organisation-summit-in-tianjin-chinas-plans-for-global-governance/,Shanghai Cooperation Organisation summit in Tianjin: China’s plans for global governance,2025-10-08,,lordslibrary.parliament.uk,54,"...Shanghai Cooperation Organisation following the recent summit held in Tianjin. 1. What is the Shanghai Cooperation Organisation? Founded in Shanghai, China, in 2001, the Shanghai Cooperation Organisation (SCO) is an international intergovernmental organisation. While the SCO was originally made up of six...",1,0,1,3,25,0
https://lordslibrary.parliament.uk/uk-long-term-strategic-challenges-posed-by-china/,UK: Long-term strategic challenges posed by China,2023-10-03,,lordslibrary.parliament.uk,161,Table of contents 1. Summary of tensions between the UK and China skip to link 2. Recent UK government position on China skip to link 2.1 Integrated review refresh 2023 skip to link 2.2 Speech on China by the foreig...,26,4,8,13,10,0
https://lordslibrary.parliament.uk/threats-to-uk-democracy-disinformation-foreign-interference-and-declining-public-trust/,"Threats to UK democracy: Disinformation, foreign interference and declining public trust",2026-06-18,,lordslibrary.parliament.uk,7,"...the spread of disinformation, malign use of social media and stoking tensions between generations, genders and ethnic groups. [16] The strategy cited China’s interference in the UK’s democracy, as well as recognising that “hostile activity on British soil from countries like Russia and Iran” was increasi...",45,1,104,8,2,0
https://lordslibrary.parliament.uk/uk-china-relations/,UK-China relations,2023-07-03,,lordslibrary.parliament.uk,103,Table of contents 1. Summary of tensions between the UK and China skip to link 2. Recent UK government position on China skip to link 2.1 Integrated review refresh 2023 skip to link 2.2 Speech on China by the foreig...,21,4,6,9,7,0
https://lordslibrary.parliament.uk/kings-speech-2023-foreign-affairs-and-defence/,King’s Speech 2023: Foreign affairs and defence,2023-10-27,,lordslibrary.parliament.uk,79,...p to link 1.2.1 Latest developments skip to link 1.2.2 Support to Ukraine from the UK skip to link 1.2.3 Russia’s strategic response skip to link 1.3 China skip to link 2. Defence skip to link 2.1 2023 Refresh of the Integrated review and defence command paper skip to link 2.2 Strength of the UK armed fo...,26,4,16,101,9,0
https://lordslibrary.parliament.uk/uk-global-position-defence-international-partnerships-and-influence/,"UK global position: Defence, international partnerships and influence",2025-03-06,,lordslibrary.parliament.uk,29,"...ry to many UN treaties, including the 2015 Paris Agreement on climate change. [3] The UK is a permanent member of the UN security council, along with China, Russia, France and the United States. [4] The UN security council’s focus is on international security and it can issue binding obligations on other...",20,14,2,129,34,0
https://lordslibrary.parliament.uk/forced-labour-in-uk-supply-chains-joint-committee-on-human-rights-report/,Forced labour in UK supply chains: Joint Committee on Human Rights report,2026-07-29,,lordslibrary.parliament.uk,1,"...ncluded enhanced due diligence requirements in the EU and the enactment of a targeted import ban for goods with a footprint in the Xinjiang region of China which had been in place in the US since 2021. Considering potential responses to the issues raised, the committee discussed several measures. It note...",10,33,0,1,0,0
https://lordslibrary.parliament.uk/bosnia-and-herzegovina-political-and-security-situation/,Bosnia and Herzegovina: Political and security situation,2026-06-08,,lordslibrary.parliament.uk,3,"...r, including using his powers to block legislation promoted by RS leaders. [7] While former RS president Milorad Dodik, as well as Serbia, Russia and China, have all called for the closure of the OHR, the UK and other countries have continued to emphasise its “vital and legitimate” role. [8] Responsibili...",1,0,1,5,1,0
https://lordslibrary.parliament.uk/uk-china-relations-international-relations-and-defence-committee-report/,UK-China relations: International Relations and Defence Committee report,2022-10-10,,lordslibrary.parliament.uk,66,"...nk 4. Read more skip to link On 10 September 2021, the House of Lords International Relations and Defence Committee published its report ‘ The UK and China’s security and trade relationship: A strategic void ’. The committee set out to examine the security and trade relationship between the UK and China...",13,3,7,8,5,3
https://lordslibrary.parliament.uk/transnational-repression-in-the-uk-joint-committee-on-human-rights-report/,Transnational repression in the UK: Joint Committee on Human Rights report,2026-02-18,,lordslibrary.parliament.uk,17,"...against the Chinese government, including that in 2022 it had set up three “unofficial police service stations” in the UK to “harass individuals from China and even force them to return home”. The report also noted an incident in October 2022 where China’s consul general in Manchester, Zheng Xiyuan, “dra...",18,0,9,0,3,0
https://lordslibrary.parliament.uk/china-allegations-of-human-rights-abuses/,China: Allegations of human rights abuses,2022-11-14,,lordslibrary.parliament.uk,62,Table of contents 1. Human rights assessments of China skip to link 2. Treatment of Uyghurs in Xinjiang province skip to link 2.1 UK government response skip to link 2.2 Determination of genocide skip to...,6,4,3,4,1,0
https://lordslibrary.parliament.uk/china-security-challenges-to-the-uk/,China: Security challenges to the UK,2022-07-08,,lordslibrary.parliament.uk,75,"Table of contents 1. UK-China relations and security challenges skip to link 1.1 Overview skip to link 1.2 NATO summit 2022 skip to link 1.3 MI5 and FBI joint address on China, Ju...",15,3,12,16,4,0
https://lordslibrary.parliament.uk/uk-development-policy-soft-power-and-global-influence/,UK development policy: Soft power and global influence,2026-01-23,,lordslibrary.parliament.uk,7,"...aviours of various actors in the international arena”. It ranked the UK fourth in its soft power rankings for 2026, behind the United States and then China and Japan. [5] China overtook the UK in the rankings for the first time in 2025, when the UK ranked third. [6] In its 2026 assessment, Brand Finance...",3,1,0,10,10,0
